prompt PL/SQL Developer import file
prompt Created on quinta-feira, 19 de dezembro de 2019 by 874949
set feedback off
set define off
prompt Creating APL_REDESIM_EXP.TAB_ARQUIVO...
create table APL_REDESIM_EXP.TAB_ARQUIVO
(
  TAR_ID               NUMBER(15) not null,
  TAR_HASH             VARCHAR2(32),
  TAR_DTARQUIVO        DATE,
  TAR_DTRECEPCAO       DATE,
  TAR_DTDESMEMBRAMENTO DATE,
  TAR_DTPROCESSAMENTO  DATE,
  TAR_VERSAO           VARCHAR2(5),
  TAR_CATEGORIA        VARCHAR2(100),
  TAR_NOMEARQUIVO      VARCHAR2(300),
  TAR_PROTOCOLO        VARCHAR2(30),
  TAR_INSCRICAO        NUMBER(9),
  TAR_STATUS_ENVIO     NUMBER(1),
  TAR_CNPJ             VARCHAR2(14)
)
;
comment on column APL_REDESIM_EXP.TAB_ARQUIVO.TAR_DTARQUIVO
  is 'Data de geração do arquivo na junta comercial';
comment on column APL_REDESIM_EXP.TAB_ARQUIVO.TAR_DTRECEPCAO
  is 'Data da carga do arquivo';
comment on column APL_REDESIM_EXP.TAB_ARQUIVO.TAR_DTDESMEMBRAMENTO
  is 'Data do desmembramento do arquivo nas tabelas do redesim';
comment on column APL_REDESIM_EXP.TAB_ARQUIVO.TAR_DTPROCESSAMENTO
  is 'Data de processamento e migração para o SIAT';
comment on column APL_REDESIM_EXP.TAB_ARQUIVO.TAR_VERSAO
  is 'versão do arquivo';
alter table APL_REDESIM_EXP.TAB_ARQUIVO
  add constraint PK_REDESIM_ARQUIVO primary key (TAR_ID);
alter table APL_REDESIM_EXP.TAB_ARQUIVO
  add constraint HASH_DO_ARQUIVO unique (TAR_HASH);

prompt Creating APL_REDESIM_EXP.TAB_SOLICITACAO...
create table APL_REDESIM_EXP.TAB_SOLICITACAO
(
  TCC_ID               NUMBER(15) not null,
  TCC_TAR_ID           NUMBER(15),
  TCC_DEFERIMENTOPREF  NUMBER(1),
  TCC_INSCRICAOOUTRAUF NUMBER(1),
  TCC_TIPOATOSEFAZ     NUMBER(1),
  TCC_GERARUC          NUMBER(1),
  TCC_RUC              NUMBER(14),
  TCC_STATUSENVIO      NUMBER(1),
  TCC_CTBICMS          NUMBER(1),
  TCC_FILIAL           NUMBER(1),
  TCC_CNPJMATRIZ       NUMBER(14),
  TCC_PROTOCOLOCPE     VARCHAR2(20),
  TCC_PROTOCOLODBE     VARCHAR2(20),
  TCC_CODEMISSOR       NUMBER(6),
  TCC_SINCRONIZA       NUMBER(1),
  TCC_ENVOLVESEFAZ     NUMBER(1)
)
;
comment on column APL_REDESIM_EXP.TAB_SOLICITACAO.TCC_DEFERIMENTOPREF
  is '1 indica se o deferimento veio pela prefeitura';
comment on column APL_REDESIM_EXP.TAB_SOLICITACAO.TCC_INSCRICAOOUTRAUF
  is '1 indica se o evento é inscricao de outra uf';
comment on column APL_REDESIM_EXP.TAB_SOLICITACAO.TCC_TIPOATOSEFAZ
  is 'Tipo de ato para a SEFAZ: 1 ato de inscrição; 2 ato de alteração ; 3 ato de baixa';
comment on column APL_REDESIM_EXP.TAB_SOLICITACAO.TCC_GERARUC
  is '0 nao precisa ser gerado inscrição estadual.; 1precisa ser gerado uma inscrição estadual ';
comment on column APL_REDESIM_EXP.TAB_SOLICITACAO.TCC_RUC
  is 'Inscrição estadual gerada pela sefaz, ou associada ao CNPJ na ruc_general';
comment on column APL_REDESIM_EXP.TAB_SOLICITACAO.TCC_STATUSENVIO
  is '0 nao precisa ser enviado; 1 pendente de envio; 2 enviado com sucessso; 3 enviado com erro';
comment on column APL_REDESIM_EXP.TAB_SOLICITACAO.TCC_CTBICMS
  is '1 é contribuinte do ICMS; 2 não é contribuinte do ICMS';
comment on column APL_REDESIM_EXP.TAB_SOLICITACAO.TCC_FILIAL
  is '1 indica se é filial';
comment on column APL_REDESIM_EXP.TAB_SOLICITACAO.TCC_CNPJMATRIZ
  is 'CNPJ da matriz no caso de filial';
comment on column APL_REDESIM_EXP.TAB_SOLICITACAO.TCC_PROTOCOLOCPE
  is 'Protocolo da consulta prévia';
comment on column APL_REDESIM_EXP.TAB_SOLICITACAO.TCC_PROTOCOLODBE
  is 'Protocolo da entidade de registro';
comment on column APL_REDESIM_EXP.TAB_SOLICITACAO.TCC_CODEMISSOR
  is 'Codigo do orgao integrado que enviou o arquivo';
comment on column APL_REDESIM_EXP.TAB_SOLICITACAO.TCC_SINCRONIZA
  is 'Preenchido após processamento';
comment on column APL_REDESIM_EXP.TAB_SOLICITACAO.TCC_ENVOLVESEFAZ
  is '1 é de interesse da SEFAZ';
alter table APL_REDESIM_EXP.TAB_SOLICITACAO
  add constraint PK_REDESIMCONTROLE primary key (TCC_ID);
alter table APL_REDESIM_EXP.TAB_SOLICITACAO
  add constraint FK_REDESIMCONTROLE foreign key (TCC_TAR_ID)
  references APL_REDESIM_EXP.TAB_ARQUIVO (TAR_ID)
  disable;

prompt Creating APL_REDESIM_EXP.TAB_ATIVIDADE_ECONOMICA...
create table APL_REDESIM_EXP.TAB_ATIVIDADE_ECONOMICA
(
  TAC_TCC_ID           NUMBER(15) not null,
  TAC_COD_CNAE         NUMBER(12) not null,
  TAC_PRINCIPAL        NUMBER(1),
  TAC_EXERCENOENDERECO NUMBER(1)
)
;
alter table APL_REDESIM_EXP.TAB_ATIVIDADE_ECONOMICA
  add constraint PK_CNAE_REDESIM primary key (TAC_TCC_ID, TAC_COD_CNAE);
alter table APL_REDESIM_EXP.TAB_ATIVIDADE_ECONOMICA
  add constraint FK_CNAE_REDESIM foreign key (TAC_TCC_ID)
  references APL_REDESIM_EXP.TAB_SOLICITACAO (TCC_ID);

prompt Creating APL_REDESIM_EXP.TAB_CONTADOR...
create table APL_REDESIM_EXP.TAB_CONTADOR
(
  TCT_TCC_ID             NUMBER(15) not null,
  TCT_NOME               VARCHAR2(150),
  TCT_TIPOPESSOA         NUMBER(1),
  TCT_CPFCNPJ            NUMBER(14),
  TCT_CLASSIFICACAOCRC   NUMBER(1),
  TCT_CRC                VARCHAR2(20),
  TCT_UFCRC              NUMBER(8),
  TCT_TIPOCRC            NUMBER(1),
  TCT_DTREGISTROCRC      DATE,
  TCT_TIPOCRCRESPONSAVEL NUMBER(1),
  TCT_CPFRESPONSAVEL     NUMBER(11),
  TCT_NOMERESPONSAVEL    VARCHAR2(150),
  TCT_CLASSIFICRCRESP    NUMBER(1),
  TCT_CRCRESPONSAVEL     VARCHAR2(100),
  TCT_UFCRCRESPONSAVEL   NUMBER(7),
  TCT_DTREGISTROCRCRESP  DATE,
  TCT_EMAILRESPONSAVEL   VARCHAR2(150),
  TCT_CODMUNICIPIO       NUMBER(7),
  TCT_CEP                NUMBER(8),
  TCT_TIPOLOGRADOURO     NUMBER(4),
  TCT_ENDERECO           VARCHAR2(150),
  TCT_COMPLEMENTO        VARCHAR2(150),
  TCT_NUMERO             VARCHAR2(100),
  TCT_BAIRRO             VARCHAR2(100),
  TCT_EMAIL              VARCHAR2(150),
  TCT_DDDFONE            VARCHAR2(2),
  TCT_FONE               VARCHAR2(10),
  TCT_DDDFAX             VARCHAR2(2),
  TCT_FAX                VARCHAR2(100)
)
;
comment on column APL_REDESIM_EXP.TAB_CONTADOR.TCT_TIPOPESSOA
  is '1 fisica; 2 juridica';
comment on column APL_REDESIM_EXP.TAB_CONTADOR.TCT_TIPOCRC
  is '1 - Filiais 2 - Originário 3 - Provisório 4 - Secundário 5 - Transferido';
comment on column APL_REDESIM_EXP.TAB_CONTADOR.TCT_TIPOCRCRESPONSAVEL
  is 'Tipo do CRC do Responsável pela Empresa de Contabilidade, sendo:
1 - Filiais 2 - Originário 3 - Provisório 4 - Secundário 5 - Transferido';
comment on column APL_REDESIM_EXP.TAB_CONTADOR.TCT_CPFRESPONSAVEL
  is 'Número de CPF do contador responsável pela empresa de contabilidade';
comment on column APL_REDESIM_EXP.TAB_CONTADOR.TCT_NOMERESPONSAVEL
  is 'Nome do contador responsável pela empresa';
comment on column APL_REDESIM_EXP.TAB_CONTADOR.TCT_CLASSIFICRCRESP
  is 'Número da sequência correspondente ao tipo de classificação CRC do responsável.
1 ¿ Profissional;
2- Escritório Sociedade;
3 ¿ Escritório Individual';
comment on column APL_REDESIM_EXP.TAB_CONTADOR.TCT_CRCRESPONSAVEL
  is 'Código CRC do contador responsável pela empresa';
comment on column APL_REDESIM_EXP.TAB_CONTADOR.TCT_UFCRCRESPONSAVEL
  is 'Código da uf do contador responsável pela empresa';
comment on column APL_REDESIM_EXP.TAB_CONTADOR.TCT_DTREGISTROCRCRESP
  is 'Data de registro do crc responsavel';
comment on column APL_REDESIM_EXP.TAB_CONTADOR.TCT_EMAILRESPONSAVEL
  is 'E-mail do contador responsável pela empresa';
comment on column APL_REDESIM_EXP.TAB_CONTADOR.TCT_CODMUNICIPIO
  is 'Código do município do contador(código IBGE)';
comment on column APL_REDESIM_EXP.TAB_CONTADOR.TCT_TIPOLOGRADOURO
  is 'Generica 924';
alter table APL_REDESIM_EXP.TAB_CONTADOR
  add constraint PK_REDESIMCONTADOR primary key (TCT_TCC_ID);
alter table APL_REDESIM_EXP.TAB_CONTADOR
  add constraint FK_REDESIMCONTADOR foreign key (TCT_TCC_ID)
  references APL_REDESIM_EXP.TAB_SOLICITACAO (TCC_ID);

prompt Creating APL_REDESIM_EXP.TAB_EMPRESA...
create table APL_REDESIM_EXP.TAB_EMPRESA
(
  TEM_ID                   NUMBER(15) not null,
  TEM_TCC_ID               NUMBER(15),
  TEM_RAZAOSOCIAL          VARCHAR2(150),
  TEM_NIRE                 VARCHAR2(12),
  TEM_CNPJ                 NUMBER(14),
  TEM_NOMEFANTASIA         VARCHAR2(150),
  TEM_NATUREZAJURIDICA     VARCHAR2(5),
  TEM_INSCRICAOESTADUAL    NUMBER(14),
  TEM_INSCRICAOMUNICIPAL   NUMBER(16),
  TEM_DDDTEL               NUMBER(2),
  TEM_TELEFONE             NUMBER(10),
  TEM_DDDFAX               NUMBER(2),
  TEM_FAX                  NUMBER(10),
  TEM_DTINICIOATIVIDADE    DATE,
  TEM_DTTERMINOATIVIDADE   DATE,
  TEM_OBJETOSOCIAL         VARCHAR2(4000),
  TEM_DTASSINATURA         DATE,
  TEM_PORTE                NUMBER(6),
  TEM_CAPITALSOCIAL        NUMBER(15,2),
  TEM_SITUACAO             VARCHAR2(10),
  TEM_DTULTARQUIVAMENTO    DATE,
  TEM_DTCONSTITUICAO       DATE,
  TEM_NIREMATRIZ           NUMBER(12),
  TEM_CAPITALINTEGRALIZADO NUMBER(15,2),
  TEM_DESTAQUECAPITAL      NUMBER(15,2),
  TEM_TIPOUNIDADE          NUMBER(2),
  TEM_NIREANTERIOR         NUMBER(12),
  TEM_REPLEGALNOME         VARCHAR2(100),
  TEM_REPLEGALEMAIL        VARCHAR2(100),
  TEM_REPLEGALDDD          NUMBER(2),
  TEM_REPLEGALFONE         NUMBER(10),
  TEM_SITIO                VARCHAR2(100)
)
;
comment on column APL_REDESIM_EXP.TAB_EMPRESA.TEM_DTASSINATURA
  is 'Data de assinatura da ata';
comment on column APL_REDESIM_EXP.TAB_EMPRESA.TEM_PORTE
  is 'Generica 920';
comment on column APL_REDESIM_EXP.TAB_EMPRESA.TEM_SITUACAO
  is 'Generica 921';
comment on column APL_REDESIM_EXP.TAB_EMPRESA.TEM_TIPOUNIDADE
  is 'Generica 922';
comment on column APL_REDESIM_EXP.TAB_EMPRESA.TEM_SITIO
  is 'Site da empresa no caso de empresa com atuação  internet';
alter table APL_REDESIM_EXP.TAB_EMPRESA
  add constraint PK_REDESIMEMPRESA primary key (TEM_ID);
alter table APL_REDESIM_EXP.TAB_EMPRESA
  add constraint FK_REDESIMEMPRESA foreign key (TEM_TCC_ID)
  references APL_REDESIM_EXP.TAB_SOLICITACAO (TCC_ID)
  disable;

prompt Creating APL_REDESIM_EXP.TAB_EMPRESA_ENDERECO...
create table APL_REDESIM_EXP.TAB_EMPRESA_ENDERECO
(
  TEN_TEM_ID               NUMBER(15),
  TEN_CEP                  NUMBER(10),
  TEN_TIPOIMOVEL           NUMBER(2),
  TEN_TIPOLOGRADOURO       NUMBER(4),
  TEN_ENDERECO             VARCHAR2(350),
  TEN_NUMERO               VARCHAR2(15),
  TEN_COMPLEMENTO          VARCHAR2(200),
  TEN_BAIRRO               VARCHAR2(250),
  TEN_EMAIL                VARCHAR2(250),
  TEN_CAIXAPOSTAL          VARCHAR2(100),
  TEN_CAIXAPOSTALCEP       NUMBER(10),
  TEN_CODMUNICIPIO         NUMBER(9),
  TEN_AREAUTILIZADA        NUMBER(18,2),
  TEN_INSCRICAOIMOBILIARIA VARCHAR2(40),
  TEN_REFERENCIA           VARCHAR2(350),
  TEN_NIRF                 VARCHAR2(28),
  TEN_INCRA                VARCHAR2(33),
  TEN_METRAGEM             NUMBER(18,2),
  TEN_ID                   NUMBER(15) not null
)
;
comment on column APL_REDESIM_EXP.TAB_EMPRESA_ENDERECO.TEN_TEM_ID
  is 'Chave para a tab_empresa';
comment on column APL_REDESIM_EXP.TAB_EMPRESA_ENDERECO.TEN_CEP
  is 'Cep do endereço';
comment on column APL_REDESIM_EXP.TAB_EMPRESA_ENDERECO.TEN_TIPOIMOVEL
  is 'Generica 923';
comment on column APL_REDESIM_EXP.TAB_EMPRESA_ENDERECO.TEN_TIPOLOGRADOURO
  is 'Generica 924';
comment on column APL_REDESIM_EXP.TAB_EMPRESA_ENDERECO.TEN_NUMERO
  is 'Numero do endereço da empresa';
comment on column APL_REDESIM_EXP.TAB_EMPRESA_ENDERECO.TEN_CAIXAPOSTALCEP
  is 'cep da caixa postal';
comment on column APL_REDESIM_EXP.TAB_EMPRESA_ENDERECO.TEN_AREAUTILIZADA
  is 'Número que representa a quantidade de metros quadrados de
área utilizada na empresa (m2
)';
comment on column APL_REDESIM_EXP.TAB_EMPRESA_ENDERECO.TEN_METRAGEM
  is 'Número que representa a área utilizada pela empresa em
metros quadrados (m2
)';
comment on column APL_REDESIM_EXP.TAB_EMPRESA_ENDERECO.TEN_ID
  is 'id da tabela';
alter table APL_REDESIM_EXP.TAB_EMPRESA_ENDERECO
  add constraint PK_ENDERECO_EMPRESA primary key (TEN_ID);
alter table APL_REDESIM_EXP.TAB_EMPRESA_ENDERECO
  add constraint FK_ENDERECO foreign key (TEN_TEM_ID)
  references APL_REDESIM_EXP.TAB_EMPRESA (TEM_ID);

prompt Creating APL_REDESIM_EXP.TAB_EVENTO...
create table APL_REDESIM_EXP.TAB_EVENTO
(
  TEV_TCC_ID NUMBER(15) not null,
  TEV_EVENTO NUMBER(6) not null
)
;
comment on column APL_REDESIM_EXP.TAB_EVENTO.TEV_TCC_ID
  is 'chave estrangeira da solicitacao';
comment on column APL_REDESIM_EXP.TAB_EVENTO.TEV_EVENTO
  is 'Codigo do evento';
alter table APL_REDESIM_EXP.TAB_EVENTO
  add constraint PK_REDESIMEVENTO primary key (TEV_TCC_ID, TEV_EVENTO);
alter table APL_REDESIM_EXP.TAB_EVENTO
  add constraint FK_REDESIMEVENTO foreign key (TEV_TCC_ID)
  references APL_REDESIM_EXP.TAB_SOLICITACAO (TCC_ID);

prompt Creating APL_REDESIM_EXP.TAB_FORMA_ATUACAO...
create table APL_REDESIM_EXP.TAB_FORMA_ATUACAO
(
  TFA_TCC_ID       NUMBER(15) not null,
  TFA_FORMAATUACAO NUMBER(5) not null
)
;
alter table APL_REDESIM_EXP.TAB_FORMA_ATUACAO
  add constraint PK_FORMAATUACAO primary key (TFA_TCC_ID, TFA_FORMAATUACAO);
alter table APL_REDESIM_EXP.TAB_FORMA_ATUACAO
  add constraint FK_FORMAATUACAO foreign key (TFA_TCC_ID)
  references APL_REDESIM_EXP.TAB_SOLICITACAO (TCC_ID);

prompt Creating APL_REDESIM_EXP.TAB_SOCIOS...
create table APL_REDESIM_EXP.TAB_SOCIOS
(
  TSO_ID                    NUMBER(15) not null,
  TSO_TCC_ID                NUMBER(15),
  TSO_NOME                  VARCHAR2(200),
  TSO_CODPAIS               NUMBER(3),
  TSO_CPF_CNPJ              NUMBER(14),
  TSO_CEP                   VARCHAR2(8),
  TSO_ENDERECO              VARCHAR2(300),
  TSO_NUMERO                VARCHAR2(7),
  TSO_COMPLEMENTO           VARCHAR2(50),
  TSO_BAIRRO                VARCHAR2(50),
  TSO_EMAIL                 VARCHAR2(200),
  TSO_DDDTEL                NUMBER(2),
  TSO_DDDFAX                NUMBER(2),
  TSO_FAX                   VARCHAR2(10),
  TSO_ESTADOCIVIL           VARCHAR2(30),
  TSO_DTNASCIMENTO          DATE,
  TSO_SEXO                  VARCHAR2(1),
  TSO_IDENTIDADE            VARCHAR2(30),
  TSO_ORGAOEMISSOR          VARCHAR2(30),
  TSO_UFEMISSOR             VARCHAR2(2),
  TSO_CODMUNICIPIO          NUMBER(7),
  TSO_DTINICIOMANDATO       DATE,
  TSO_DTFIMMANDATO          DATE,
  TSO_SEQTIPQUALIFICACAO    NUMBER(4),
  TSO_NOMEMAE               VARCHAR2(300),
  TSO_DTSAIDASOCIEDADE      DATE,
  TSO_DTENTRADASOCIEDADE    DATE,
  TSO_VALORPARTICIPACAO     NUMBER(15,2),
  TSO_TIPOPESSOA            NUMBER(1),
  TSO_EMANCIPADO            NUMBER(1),
  TSO_MOTIVOEMANCIPACAO     VARCHAR2(200),
  TSO_TIPODOCUMENTO         NUMBER(1),
  TSO_NOMEPAI               VARCHAR2(300),
  TSO_NIRE                  VARCHAR2(12),
  TSO_REGCARTORIO           VARCHAR2(16),
  TSO_ANOREGCARTORIO        DATE,
  TSO_NUMCARTORIO           VARCHAR2(30),
  TSO_NOMECOMARCA           VARCHAR2(300),
  TSO_NACIONALIDADE         VARCHAR2(55),
  TSO_MUNICIPIONATURALIDADE NUMBER(9),
  TSO_UFNATURALIDADE        NUMBER(7),
  TSO_TIPOLOGRADOURO        NUMBER(5),
  TSO_CAIXAPOSTAL           VARCHAR2(15),
  TSO_REGIMEBENS            VARCHAR2(100),
  TSO_DOCORGAOEMISSOR       VARCHAR2(30),
  TSO_DTDOCEMISSAO          DATE,
  TSO_PRAZOINDETERMINADO    NUMBER(1),
  TSO_PERCPARTICIPACAO      NUMBER(5,2),
  TSO_CARGOADMINISTRADOR    VARCHAR2(300),
  TSO_CPFCNPJREPRESENTADO   NUMBER(14),
  TSO_TELEFONE              VARCHAR2(20)
)
;
comment on column APL_REDESIM_EXP.TAB_SOCIOS.TSO_NUMERO
  is 'numero do endereco';
comment on column APL_REDESIM_EXP.TAB_SOCIOS.TSO_SEQTIPQUALIFICACAO
  is 'Codigo da qualificacao ou relacionamento do socio com a empresa';
comment on column APL_REDESIM_EXP.TAB_SOCIOS.TSO_NOMEMAE
  is 'Nome da mae';
comment on column APL_REDESIM_EXP.TAB_SOCIOS.TSO_TIPOPESSOA
  is '1 fiscia, 2 juridica';
comment on column APL_REDESIM_EXP.TAB_SOCIOS.TSO_EMANCIPADO
  is '1 sim, 0 nao';
comment on column APL_REDESIM_EXP.TAB_SOCIOS.TSO_TIPODOCUMENTO
  is '1 - Carteira de Identidade (RG); 2 - Carteira de Trabalho e Previdência Social; 3 - Certificado de Reservista; 4 - Passaporte; 5 - Carteira de Identidade Profissional; 6 - Carteira Nacional de Habilitação (CNH); 7 -Cédula de Identidade de Estrangeiro.';
comment on column APL_REDESIM_EXP.TAB_SOCIOS.TSO_NOMEPAI
  is 'Nome do pai do socio';
comment on column APL_REDESIM_EXP.TAB_SOCIOS.TSO_NIRE
  is 'Nire do socio, se pessoa juridica';
comment on column APL_REDESIM_EXP.TAB_SOCIOS.TSO_REGCARTORIO
  is 'Número de registro no cartório';
comment on column APL_REDESIM_EXP.TAB_SOCIOS.TSO_NUMCARTORIO
  is 'Número doc artório';
comment on column APL_REDESIM_EXP.TAB_SOCIOS.TSO_CAIXAPOSTAL
  is 'Código da caixapostal';
comment on column APL_REDESIM_EXP.TAB_SOCIOS.TSO_REGIMEBENS
  is 'Descrição do tipo do regime de bens';
comment on column APL_REDESIM_EXP.TAB_SOCIOS.TSO_DOCORGAOEMISSOR
  is 'Descrição do tipo de documento que o órgão emite';
comment on column APL_REDESIM_EXP.TAB_SOCIOS.TSO_DTDOCEMISSAO
  is 'Data de emissão do documentos';
comment on column APL_REDESIM_EXP.TAB_SOCIOS.TSO_PRAZOINDETERMINADO
  is '1 sim, 0 nao';
comment on column APL_REDESIM_EXP.TAB_SOCIOS.TSO_CPFCNPJREPRESENTADO
  is 'Número do CPFou CNPJ, da pessoa física ou jurídica que esteja sendo representada.';
alter table APL_REDESIM_EXP.TAB_SOCIOS
  add constraint PK_SOCIO_REDESIM primary key (TSO_ID);
alter table APL_REDESIM_EXP.TAB_SOCIOS
  add constraint FK_SOCIO_REDESIM foreign key (TSO_TCC_ID)
  references APL_REDESIM_EXP.TAB_SOLICITACAO (TCC_ID);

prompt Disabling triggers for APL_REDESIM_EXP.TAB_ARQUIVO...
alter table APL_REDESIM_EXP.TAB_ARQUIVO disable all triggers;
prompt Disabling triggers for APL_REDESIM_EXP.TAB_SOLICITACAO...
alter table APL_REDESIM_EXP.TAB_SOLICITACAO disable all triggers;
prompt Disabling triggers for APL_REDESIM_EXP.TAB_ATIVIDADE_ECONOMICA...
alter table APL_REDESIM_EXP.TAB_ATIVIDADE_ECONOMICA disable all triggers;
prompt Disabling triggers for APL_REDESIM_EXP.TAB_CONTADOR...
alter table APL_REDESIM_EXP.TAB_CONTADOR disable all triggers;
prompt Disabling triggers for APL_REDESIM_EXP.TAB_EMPRESA...
alter table APL_REDESIM_EXP.TAB_EMPRESA disable all triggers;
prompt Disabling triggers for APL_REDESIM_EXP.TAB_EMPRESA_ENDERECO...
alter table APL_REDESIM_EXP.TAB_EMPRESA_ENDERECO disable all triggers;
prompt Disabling triggers for APL_REDESIM_EXP.TAB_EVENTO...
alter table APL_REDESIM_EXP.TAB_EVENTO disable all triggers;
prompt Disabling triggers for APL_REDESIM_EXP.TAB_FORMA_ATUACAO...
alter table APL_REDESIM_EXP.TAB_FORMA_ATUACAO disable all triggers;
prompt Disabling triggers for APL_REDESIM_EXP.TAB_SOCIOS...
alter table APL_REDESIM_EXP.TAB_SOCIOS disable all triggers;
prompt Loading APL_REDESIM_EXP.TAB_ARQUIVO...
insert into APL_REDESIM_EXP.TAB_ARQUIVO (TAR_ID, TAR_HASH, TAR_DTARQUIVO, TAR_DTRECEPCAO, TAR_DTDESMEMBRAMENTO, TAR_DTPROCESSAMENTO, TAR_VERSAO, TAR_CATEGORIA, TAR_NOMEARQUIVO, TAR_PROTOCOLO, TAR_INSCRICAO, TAR_STATUS_ENVIO, TAR_CNPJ)
values (204684, '48a71e2b2857b4532bfbed0f754c7e27', to_date('11-09-2019 14:30:47', 'dd-mm-yyyy hh24:mi:ss'), to_date('09-09-2019 14:54:00', 'dd-mm-yyyy hh24:mi:ss'), null, to_date('11-09-2019 14:30:48', 'dd-mm-yyyy hh24:mi:ss'), '2.0', 'dadosEmpresa', 'DEMP04049497001750-20190911_141452648-43805434.xml', null, null, null, null);
insert into APL_REDESIM_EXP.TAB_ARQUIVO (TAR_ID, TAR_HASH, TAR_DTARQUIVO, TAR_DTRECEPCAO, TAR_DTDESMEMBRAMENTO, TAR_DTPROCESSAMENTO, TAR_VERSAO, TAR_CATEGORIA, TAR_NOMEARQUIVO, TAR_PROTOCOLO, TAR_INSCRICAO, TAR_STATUS_ENVIO, TAR_CNPJ)
values (204691, '4b122d89ef3ce8726c3252266a0124fa', to_date('11-09-2019 14:30:49', 'dd-mm-yyyy hh24:mi:ss'), to_date('09-09-2019 15:44:47', 'dd-mm-yyyy hh24:mi:ss'), null, to_date('11-09-2019 14:30:49', 'dd-mm-yyyy hh24:mi:ss'), '2.0', 'dadosEmpresa', 'DEMP41367293000399-20190911_14170310-10947309.xml', null, null, null, null);
insert into APL_REDESIM_EXP.TAB_ARQUIVO (TAR_ID, TAR_HASH, TAR_DTARQUIVO, TAR_DTRECEPCAO, TAR_DTDESMEMBRAMENTO, TAR_DTPROCESSAMENTO, TAR_VERSAO, TAR_CATEGORIA, TAR_NOMEARQUIVO, TAR_PROTOCOLO, TAR_INSCRICAO, TAR_STATUS_ENVIO, TAR_CNPJ)
values (204720, null, to_date('11-09-2019 14:30:54', 'dd-mm-yyyy hh24:mi:ss'), null, null, null, null, null, 'SDCO34829059000109-20190911_141910465-66918336.xml', null, null, null, null);
insert into APL_REDESIM_EXP.TAB_ARQUIVO (TAR_ID, TAR_HASH, TAR_DTARQUIVO, TAR_DTRECEPCAO, TAR_DTDESMEMBRAMENTO, TAR_DTPROCESSAMENTO, TAR_VERSAO, TAR_CATEGORIA, TAR_NOMEARQUIVO, TAR_PROTOCOLO, TAR_INSCRICAO, TAR_STATUS_ENVIO, TAR_CNPJ)
values (204739, '13331f06056a42dc4a71650100a1d9e9', to_date('11-09-2019 14:30:57', 'dd-mm-yyyy hh24:mi:ss'), to_date('09-09-2019 14:50:48', 'dd-mm-yyyy hh24:mi:ss'), null, to_date('11-09-2019 14:30:58', 'dd-mm-yyyy hh24:mi:ss'), '2.0', 'dadosEmpresa', 'DEMP04049497000789-20190911_141348491-33666541.xml', null, null, null, null);
insert into APL_REDESIM_EXP.TAB_ARQUIVO (TAR_ID, TAR_HASH, TAR_DTARQUIVO, TAR_DTRECEPCAO, TAR_DTDESMEMBRAMENTO, TAR_DTPROCESSAMENTO, TAR_VERSAO, TAR_CATEGORIA, TAR_NOMEARQUIVO, TAR_PROTOCOLO, TAR_INSCRICAO, TAR_STATUS_ENVIO, TAR_CNPJ)
values (204771, null, to_date('11-09-2019 14:31:02', 'dd-mm-yyyy hh24:mi:ss'), null, null, null, null, null, 'SDCO34800451000125-20190911_141211324-77149658.xml', null, null, null, null);
insert into APL_REDESIM_EXP.TAB_ARQUIVO (TAR_ID, TAR_HASH, TAR_DTARQUIVO, TAR_DTRECEPCAO, TAR_DTDESMEMBRAMENTO, TAR_DTPROCESSAMENTO, TAR_VERSAO, TAR_CATEGORIA, TAR_NOMEARQUIVO, TAR_PROTOCOLO, TAR_INSCRICAO, TAR_STATUS_ENVIO, TAR_CNPJ)
values (204797, 'ef2a8c3d5f958dd7fc2e510e8affaa2c', to_date('11-09-2019 14:31:08', 'dd-mm-yyyy hh24:mi:ss'), to_date('09-09-2019 14:36:06', 'dd-mm-yyyy hh24:mi:ss'), null, to_date('11-09-2019 14:31:08', 'dd-mm-yyyy hh24:mi:ss'), '2.0', 'dadosEmpresa', 'DEMP23679780000143-20190911_14124395-56767353.xml', null, null, null, null);
insert into APL_REDESIM_EXP.TAB_ARQUIVO (TAR_ID, TAR_HASH, TAR_DTARQUIVO, TAR_DTRECEPCAO, TAR_DTDESMEMBRAMENTO, TAR_DTPROCESSAMENTO, TAR_VERSAO, TAR_CATEGORIA, TAR_NOMEARQUIVO, TAR_PROTOCOLO, TAR_INSCRICAO, TAR_STATUS_ENVIO, TAR_CNPJ)
values (204806, '4329738cbcb7cf141b6b34e0e35314b3', to_date('11-09-2019 14:31:08', 'dd-mm-yyyy hh24:mi:ss'), to_date('09-09-2019 15:09:26', 'dd-mm-yyyy hh24:mi:ss'), null, to_date('11-09-2019 14:31:09', 'dd-mm-yyyy hh24:mi:ss'), '2.0', 'DadosEmpresas', 'DEMP34746497000103-20190911_141557152-22663027.xml', null, null, null, null);
insert into APL_REDESIM_EXP.TAB_ARQUIVO (TAR_ID, TAR_HASH, TAR_DTARQUIVO, TAR_DTRECEPCAO, TAR_DTDESMEMBRAMENTO, TAR_DTPROCESSAMENTO, TAR_VERSAO, TAR_CATEGORIA, TAR_NOMEARQUIVO, TAR_PROTOCOLO, TAR_INSCRICAO, TAR_STATUS_ENVIO, TAR_CNPJ)
values (204818, null, to_date('11-09-2019 14:37:55', 'dd-mm-yyyy hh24:mi:ss'), to_date('11-09-2019 14:37:55', 'dd-mm-yyyy hh24:mi:ss'), null, null, null, null, null, 'MAP1904376325', 122225503, 2, '07600953000130');
insert into APL_REDESIM_EXP.TAB_ARQUIVO (TAR_ID, TAR_HASH, TAR_DTARQUIVO, TAR_DTRECEPCAO, TAR_DTDESMEMBRAMENTO, TAR_DTPROCESSAMENTO, TAR_VERSAO, TAR_CATEGORIA, TAR_NOMEARQUIVO, TAR_PROTOCOLO, TAR_INSCRICAO, TAR_STATUS_ENVIO, TAR_CNPJ)
values (204845, '8746d1b55e913a846734966e15368d19', to_date('11-09-2019 15:00:26', 'dd-mm-yyyy hh24:mi:ss'), to_date('10-09-2019 14:22:20', 'dd-mm-yyyy hh24:mi:ss'), null, to_date('11-09-2019 15:00:27', 'dd-mm-yyyy hh24:mi:ss'), '2.0', 'dadosEmpresa', 'DEMP10918268000241-20190911_144923538-84239072.xml', null, null, null, null);
insert into APL_REDESIM_EXP.TAB_ARQUIVO (TAR_ID, TAR_HASH, TAR_DTARQUIVO, TAR_DTRECEPCAO, TAR_DTDESMEMBRAMENTO, TAR_DTPROCESSAMENTO, TAR_VERSAO, TAR_CATEGORIA, TAR_NOMEARQUIVO, TAR_PROTOCOLO, TAR_INSCRICAO, TAR_STATUS_ENVIO, TAR_CNPJ)
values (204849, '0227c3f6c4c886b94e503602bd7f7619', to_date('11-09-2019 15:00:29', 'dd-mm-yyyy hh24:mi:ss'), to_date('10-09-2019 11:59:54', 'dd-mm-yyyy hh24:mi:ss'), null, to_date('11-09-2019 15:00:29', 'dd-mm-yyyy hh24:mi:ss'), '2.0', 'DadosEmpresas', 'DEMP34141530000171-20190911_144504839-71929577.xml', null, null, null, null);
insert into APL_REDESIM_EXP.TAB_ARQUIVO (TAR_ID, TAR_HASH, TAR_DTARQUIVO, TAR_DTRECEPCAO, TAR_DTDESMEMBRAMENTO, TAR_DTPROCESSAMENTO, TAR_VERSAO, TAR_CATEGORIA, TAR_NOMEARQUIVO, TAR_PROTOCOLO, TAR_INSCRICAO, TAR_STATUS_ENVIO, TAR_CNPJ)
values (204872, '6d6cf5ebde03890f1b646b74f6e39597', to_date('11-09-2019 15:00:38', 'dd-mm-yyyy hh24:mi:ss'), to_date('10-09-2019 12:25:51', 'dd-mm-yyyy hh24:mi:ss'), null, to_date('11-09-2019 15:00:38', 'dd-mm-yyyy hh24:mi:ss'), '2.0', 'dadosEmpresa', 'DEMP30763828000162-20190911_144608323-48870451.xml', null, null, null, null);
insert into APL_REDESIM_EXP.TAB_ARQUIVO (TAR_ID, TAR_HASH, TAR_DTARQUIVO, TAR_DTRECEPCAO, TAR_DTDESMEMBRAMENTO, TAR_DTPROCESSAMENTO, TAR_VERSAO, TAR_CATEGORIA, TAR_NOMEARQUIVO, TAR_PROTOCOLO, TAR_INSCRICAO, TAR_STATUS_ENVIO, TAR_CNPJ)
values (204874, null, to_date('11-09-2019 15:00:38', 'dd-mm-yyyy hh24:mi:ss'), null, null, null, null, null, 'SDCO10941498000140-20190911_142014637-66509530.xml', null, null, null, null);
insert into APL_REDESIM_EXP.TAB_ARQUIVO (TAR_ID, TAR_HASH, TAR_DTARQUIVO, TAR_DTRECEPCAO, TAR_DTDESMEMBRAMENTO, TAR_DTPROCESSAMENTO, TAR_VERSAO, TAR_CATEGORIA, TAR_NOMEARQUIVO, TAR_PROTOCOLO, TAR_INSCRICAO, TAR_STATUS_ENVIO, TAR_CNPJ)
values (204879, '510fdfec5fe6383e073e0379db9bc35d', to_date('11-09-2019 15:00:40', 'dd-mm-yyyy hh24:mi:ss'), to_date('10-09-2019 13:14:03', 'dd-mm-yyyy hh24:mi:ss'), null, to_date('11-09-2019 15:00:41', 'dd-mm-yyyy hh24:mi:ss'), '2.0', 'dadosEmpresa', 'DEMP34818679000142-20190911_144641120-71779712.xml', null, null, null, null);
commit;
prompt 13 records loaded
prompt Loading APL_REDESIM_EXP.TAB_SOLICITACAO...
insert into APL_REDESIM_EXP.TAB_SOLICITACAO (TCC_ID, TCC_TAR_ID, TCC_DEFERIMENTOPREF, TCC_INSCRICAOOUTRAUF, TCC_TIPOATOSEFAZ, TCC_GERARUC, TCC_RUC, TCC_STATUSENVIO, TCC_CTBICMS, TCC_FILIAL, TCC_CNPJMATRIZ, TCC_PROTOCOLOCPE, TCC_PROTOCOLODBE, TCC_CODEMISSOR, TCC_SINCRONIZA, TCC_ENVOLVESEFAZ)
values (204684, 252651, 0, 0, 1, 0, 12627670, 1, 1, 0, null, 'MAP1904754282', null, null, null, 1);
insert into APL_REDESIM_EXP.TAB_SOLICITACAO (TCC_ID, TCC_TAR_ID, TCC_DEFERIMENTOPREF, TCC_INSCRICAOOUTRAUF, TCC_TIPOATOSEFAZ, TCC_GERARUC, TCC_RUC, TCC_STATUSENVIO, TCC_CTBICMS, TCC_FILIAL, TCC_CNPJMATRIZ, TCC_PROTOCOLOCPE, TCC_PROTOCOLODBE, TCC_CODEMISSOR, TCC_SINCRONIZA, TCC_ENVOLVESEFAZ)
values (204691, 252658, 0, 0, 1, 0, 12627669, 1, 1, 0, null, 'MAP1904754259', null, null, null, 1);
insert into APL_REDESIM_EXP.TAB_SOLICITACAO (TCC_ID, TCC_TAR_ID, TCC_DEFERIMENTOPREF, TCC_INSCRICAOOUTRAUF, TCC_TIPOATOSEFAZ, TCC_GERARUC, TCC_RUC, TCC_STATUSENVIO, TCC_CTBICMS, TCC_FILIAL, TCC_CNPJMATRIZ, TCC_PROTOCOLOCPE, TCC_PROTOCOLODBE, TCC_CODEMISSOR, TCC_SINCRONIZA, TCC_ENVOLVESEFAZ)
values (204720, 252687, 0, 0, 1, 0, 12627663, 1, 1, 0, null, 'MAP1904753456', null, null, null, 1);
insert into APL_REDESIM_EXP.TAB_SOLICITACAO (TCC_ID, TCC_TAR_ID, TCC_DEFERIMENTOPREF, TCC_INSCRICAOOUTRAUF, TCC_TIPOATOSEFAZ, TCC_GERARUC, TCC_RUC, TCC_STATUSENVIO, TCC_CTBICMS, TCC_FILIAL, TCC_CNPJMATRIZ, TCC_PROTOCOLOCPE, TCC_PROTOCOLODBE, TCC_CODEMISSOR, TCC_SINCRONIZA, TCC_ENVOLVESEFAZ)
values (204739, 252706, 0, 0, 1, 0, 12627667, 1, 1, 0, null, 'MAP1904754186', null, null, null, 1);
insert into APL_REDESIM_EXP.TAB_SOLICITACAO (TCC_ID, TCC_TAR_ID, TCC_DEFERIMENTOPREF, TCC_INSCRICAOOUTRAUF, TCC_TIPOATOSEFAZ, TCC_GERARUC, TCC_RUC, TCC_STATUSENVIO, TCC_CTBICMS, TCC_FILIAL, TCC_CNPJMATRIZ, TCC_PROTOCOLOCPE, TCC_PROTOCOLODBE, TCC_CODEMISSOR, TCC_SINCRONIZA, TCC_ENVOLVESEFAZ)
values (204771, 252738, 0, 0, 1, 0, 12627674, 1, 1, 0, null, 'MAP1904754294', null, null, null, 1);
insert into APL_REDESIM_EXP.TAB_SOLICITACAO (TCC_ID, TCC_TAR_ID, TCC_DEFERIMENTOPREF, TCC_INSCRICAOOUTRAUF, TCC_TIPOATOSEFAZ, TCC_GERARUC, TCC_RUC, TCC_STATUSENVIO, TCC_CTBICMS, TCC_FILIAL, TCC_CNPJMATRIZ, TCC_PROTOCOLOCPE, TCC_PROTOCOLODBE, TCC_CODEMISSOR, TCC_SINCRONIZA, TCC_ENVOLVESEFAZ)
values (204797, 252764, 0, 0, 1, 0, 12627668, 1, 1, 0, null, 'MAP1904730602', '191251852', null, null, 1);
insert into APL_REDESIM_EXP.TAB_SOLICITACAO (TCC_ID, TCC_TAR_ID, TCC_DEFERIMENTOPREF, TCC_INSCRICAOOUTRAUF, TCC_TIPOATOSEFAZ, TCC_GERARUC, TCC_RUC, TCC_STATUSENVIO, TCC_CTBICMS, TCC_FILIAL, TCC_CNPJMATRIZ, TCC_PROTOCOLOCPE, TCC_PROTOCOLODBE, TCC_CODEMISSOR, TCC_SINCRONIZA, TCC_ENVOLVESEFAZ)
values (204806, 252773, 0, 0, 1, 0, 12627675, 1, 1, 0, null, 'MAP1904754198', null, null, null, 1);
insert into APL_REDESIM_EXP.TAB_SOLICITACAO (TCC_ID, TCC_TAR_ID, TCC_DEFERIMENTOPREF, TCC_INSCRICAOOUTRAUF, TCC_TIPOATOSEFAZ, TCC_GERARUC, TCC_RUC, TCC_STATUSENVIO, TCC_CTBICMS, TCC_FILIAL, TCC_CNPJMATRIZ, TCC_PROTOCOLOCPE, TCC_PROTOCOLODBE, TCC_CODEMISSOR, TCC_SINCRONIZA, TCC_ENVOLVESEFAZ)
values (204818, 252785, 0, 0, 1, 0, 12627671, 1, 1, 0, null, 'MAP1904754247', null, null, null, 1);
insert into APL_REDESIM_EXP.TAB_SOLICITACAO (TCC_ID, TCC_TAR_ID, TCC_DEFERIMENTOPREF, TCC_INSCRICAOOUTRAUF, TCC_TIPOATOSEFAZ, TCC_GERARUC, TCC_RUC, TCC_STATUSENVIO, TCC_CTBICMS, TCC_FILIAL, TCC_CNPJMATRIZ, TCC_PROTOCOLOCPE, TCC_PROTOCOLODBE, TCC_CODEMISSOR, TCC_SINCRONIZA, TCC_ENVOLVESEFAZ)
values (204845, 252812, 0, 0, 1, 0, 12627664, 1, 1, 0, null, 'MAP1904753324', null, null, null, 1);
insert into APL_REDESIM_EXP.TAB_SOLICITACAO (TCC_ID, TCC_TAR_ID, TCC_DEFERIMENTOPREF, TCC_INSCRICAOOUTRAUF, TCC_TIPOATOSEFAZ, TCC_GERARUC, TCC_RUC, TCC_STATUSENVIO, TCC_CTBICMS, TCC_FILIAL, TCC_CNPJMATRIZ, TCC_PROTOCOLOCPE, TCC_PROTOCOLODBE, TCC_CODEMISSOR, TCC_SINCRONIZA, TCC_ENVOLVESEFAZ)
values (204849, 252816, 0, 0, 1, 0, 12627677, 1, 1, 0, null, 'MAP1904754430', null, null, null, 1);
insert into APL_REDESIM_EXP.TAB_SOLICITACAO (TCC_ID, TCC_TAR_ID, TCC_DEFERIMENTOPREF, TCC_INSCRICAOOUTRAUF, TCC_TIPOATOSEFAZ, TCC_GERARUC, TCC_RUC, TCC_STATUSENVIO, TCC_CTBICMS, TCC_FILIAL, TCC_CNPJMATRIZ, TCC_PROTOCOLOCPE, TCC_PROTOCOLODBE, TCC_CODEMISSOR, TCC_SINCRONIZA, TCC_ENVOLVESEFAZ)
values (204872, 252839, 0, 0, 1, 0, 12627676, 1, 1, 0, null, 'MAP1904754270', null, null, null, 1);
insert into APL_REDESIM_EXP.TAB_SOLICITACAO (TCC_ID, TCC_TAR_ID, TCC_DEFERIMENTOPREF, TCC_INSCRICAOOUTRAUF, TCC_TIPOATOSEFAZ, TCC_GERARUC, TCC_RUC, TCC_STATUSENVIO, TCC_CTBICMS, TCC_FILIAL, TCC_CNPJMATRIZ, TCC_PROTOCOLOCPE, TCC_PROTOCOLODBE, TCC_CODEMISSOR, TCC_SINCRONIZA, TCC_ENVOLVESEFAZ)
values (204874, 252841, 0, 0, 1, 0, 12627673, 1, 1, 0, null, 'MAP1904754235', null, null, null, 1);
insert into APL_REDESIM_EXP.TAB_SOLICITACAO (TCC_ID, TCC_TAR_ID, TCC_DEFERIMENTOPREF, TCC_INSCRICAOOUTRAUF, TCC_TIPOATOSEFAZ, TCC_GERARUC, TCC_RUC, TCC_STATUSENVIO, TCC_CTBICMS, TCC_FILIAL, TCC_CNPJMATRIZ, TCC_PROTOCOLOCPE, TCC_PROTOCOLODBE, TCC_CODEMISSOR, TCC_SINCRONIZA, TCC_ENVOLVESEFAZ)
values (204879, 252846, 0, 0, 1, 0, 12627672, 1, 1, 0, null, 'MAP1904754367', null, null, null, 1);
commit;
prompt 13 records loaded
prompt Loading APL_REDESIM_EXP.TAB_ATIVIDADE_ECONOMICA...
insert into APL_REDESIM_EXP.TAB_ATIVIDADE_ECONOMICA (TAC_TCC_ID, TAC_COD_CNAE, TAC_PRINCIPAL, TAC_EXERCENOENDERECO)
values (204684, 5620104, 1, null);
insert into APL_REDESIM_EXP.TAB_ATIVIDADE_ECONOMICA (TAC_TCC_ID, TAC_COD_CNAE, TAC_PRINCIPAL, TAC_EXERCENOENDERECO)
values (204691, 1340501, 1, null);
insert into APL_REDESIM_EXP.TAB_ATIVIDADE_ECONOMICA (TAC_TCC_ID, TAC_COD_CNAE, TAC_PRINCIPAL, TAC_EXERCENOENDERECO)
values (204691, 1413403, null, null);
insert into APL_REDESIM_EXP.TAB_ATIVIDADE_ECONOMICA (TAC_TCC_ID, TAC_COD_CNAE, TAC_PRINCIPAL, TAC_EXERCENOENDERECO)
values (204691, 2391503, null, null);
insert into APL_REDESIM_EXP.TAB_ATIVIDADE_ECONOMICA (TAC_TCC_ID, TAC_COD_CNAE, TAC_PRINCIPAL, TAC_EXERCENOENDERECO)
values (204691, 2399101, null, null);
insert into APL_REDESIM_EXP.TAB_ATIVIDADE_ECONOMICA (TAC_TCC_ID, TAC_COD_CNAE, TAC_PRINCIPAL, TAC_EXERCENOENDERECO)
values (204691, 4755501, null, null);
insert into APL_REDESIM_EXP.TAB_ATIVIDADE_ECONOMICA (TAC_TCC_ID, TAC_COD_CNAE, TAC_PRINCIPAL, TAC_EXERCENOENDERECO)
values (204691, 4781400, null, null);
insert into APL_REDESIM_EXP.TAB_ATIVIDADE_ECONOMICA (TAC_TCC_ID, TAC_COD_CNAE, TAC_PRINCIPAL, TAC_EXERCENOENDERECO)
values (204691, 4789099, null, null);
insert into APL_REDESIM_EXP.TAB_ATIVIDADE_ECONOMICA (TAC_TCC_ID, TAC_COD_CNAE, TAC_PRINCIPAL, TAC_EXERCENOENDERECO)
values (204720, 5612100, null, null);
insert into APL_REDESIM_EXP.TAB_ATIVIDADE_ECONOMICA (TAC_TCC_ID, TAC_COD_CNAE, TAC_PRINCIPAL, TAC_EXERCENOENDERECO)
values (204720, 5620104, 1, null);
insert into APL_REDESIM_EXP.TAB_ATIVIDADE_ECONOMICA (TAC_TCC_ID, TAC_COD_CNAE, TAC_PRINCIPAL, TAC_EXERCENOENDERECO)
values (204739, 4789099, 1, null);
insert into APL_REDESIM_EXP.TAB_ATIVIDADE_ECONOMICA (TAC_TCC_ID, TAC_COD_CNAE, TAC_PRINCIPAL, TAC_EXERCENOENDERECO)
values (204771, 2539001, null, null);
insert into APL_REDESIM_EXP.TAB_ATIVIDADE_ECONOMICA (TAC_TCC_ID, TAC_COD_CNAE, TAC_PRINCIPAL, TAC_EXERCENOENDERECO)
values (204771, 2542000, 1, null);
insert into APL_REDESIM_EXP.TAB_ATIVIDADE_ECONOMICA (TAC_TCC_ID, TAC_COD_CNAE, TAC_PRINCIPAL, TAC_EXERCENOENDERECO)
values (204797, 5611203, 1, 1);
insert into APL_REDESIM_EXP.TAB_ATIVIDADE_ECONOMICA (TAC_TCC_ID, TAC_COD_CNAE, TAC_PRINCIPAL, TAC_EXERCENOENDERECO)
values (204806, 4789099, 1, null);
insert into APL_REDESIM_EXP.TAB_ATIVIDADE_ECONOMICA (TAC_TCC_ID, TAC_COD_CNAE, TAC_PRINCIPAL, TAC_EXERCENOENDERECO)
values (204818, 4520007, 1, null);
insert into APL_REDESIM_EXP.TAB_ATIVIDADE_ECONOMICA (TAC_TCC_ID, TAC_COD_CNAE, TAC_PRINCIPAL, TAC_EXERCENOENDERECO)
values (204845, 2950600, null, null);
insert into APL_REDESIM_EXP.TAB_ATIVIDADE_ECONOMICA (TAC_TCC_ID, TAC_COD_CNAE, TAC_PRINCIPAL, TAC_EXERCENOENDERECO)
values (204845, 4520003, null, null);
insert into APL_REDESIM_EXP.TAB_ATIVIDADE_ECONOMICA (TAC_TCC_ID, TAC_COD_CNAE, TAC_PRINCIPAL, TAC_EXERCENOENDERECO)
values (204845, 4520007, 1, null);
insert into APL_REDESIM_EXP.TAB_ATIVIDADE_ECONOMICA (TAC_TCC_ID, TAC_COD_CNAE, TAC_PRINCIPAL, TAC_EXERCENOENDERECO)
values (204849, 4744001, null, null);
insert into APL_REDESIM_EXP.TAB_ATIVIDADE_ECONOMICA (TAC_TCC_ID, TAC_COD_CNAE, TAC_PRINCIPAL, TAC_EXERCENOENDERECO)
values (204849, 4744003, null, null);
insert into APL_REDESIM_EXP.TAB_ATIVIDADE_ECONOMICA (TAC_TCC_ID, TAC_COD_CNAE, TAC_PRINCIPAL, TAC_EXERCENOENDERECO)
values (204849, 4744099, 1, null);
insert into APL_REDESIM_EXP.TAB_ATIVIDADE_ECONOMICA (TAC_TCC_ID, TAC_COD_CNAE, TAC_PRINCIPAL, TAC_EXERCENOENDERECO)
values (204872, 4729699, null, null);
insert into APL_REDESIM_EXP.TAB_ATIVIDADE_ECONOMICA (TAC_TCC_ID, TAC_COD_CNAE, TAC_PRINCIPAL, TAC_EXERCENOENDERECO)
values (204872, 4789001, null, null);
insert into APL_REDESIM_EXP.TAB_ATIVIDADE_ECONOMICA (TAC_TCC_ID, TAC_COD_CNAE, TAC_PRINCIPAL, TAC_EXERCENOENDERECO)
values (204872, 5611203, null, null);
insert into APL_REDESIM_EXP.TAB_ATIVIDADE_ECONOMICA (TAC_TCC_ID, TAC_COD_CNAE, TAC_PRINCIPAL, TAC_EXERCENOENDERECO)
values (204872, 8599604, null, null);
insert into APL_REDESIM_EXP.TAB_ATIVIDADE_ECONOMICA (TAC_TCC_ID, TAC_COD_CNAE, TAC_PRINCIPAL, TAC_EXERCENOENDERECO)
values (204872, 9602501, 1, null);
insert into APL_REDESIM_EXP.TAB_ATIVIDADE_ECONOMICA (TAC_TCC_ID, TAC_COD_CNAE, TAC_PRINCIPAL, TAC_EXERCENOENDERECO)
values (204874, 4781400, 1, null);
insert into APL_REDESIM_EXP.TAB_ATIVIDADE_ECONOMICA (TAC_TCC_ID, TAC_COD_CNAE, TAC_PRINCIPAL, TAC_EXERCENOENDERECO)
values (204879, 1412602, null, null);
insert into APL_REDESIM_EXP.TAB_ATIVIDADE_ECONOMICA (TAC_TCC_ID, TAC_COD_CNAE, TAC_PRINCIPAL, TAC_EXERCENOENDERECO)
values (204879, 4781400, 1, null);
insert into APL_REDESIM_EXP.TAB_ATIVIDADE_ECONOMICA (TAC_TCC_ID, TAC_COD_CNAE, TAC_PRINCIPAL, TAC_EXERCENOENDERECO)
values (204879, 9529199, null, null);
commit;
prompt 31 records loaded
prompt Loading APL_REDESIM_EXP.TAB_CONTADOR...
insert into APL_REDESIM_EXP.TAB_CONTADOR (TCT_TCC_ID, TCT_NOME, TCT_TIPOPESSOA, TCT_CPFCNPJ, TCT_CLASSIFICACAOCRC, TCT_CRC, TCT_UFCRC, TCT_TIPOCRC, TCT_DTREGISTROCRC, TCT_TIPOCRCRESPONSAVEL, TCT_CPFRESPONSAVEL, TCT_NOMERESPONSAVEL, TCT_CLASSIFICRCRESP, TCT_CRCRESPONSAVEL, TCT_UFCRCRESPONSAVEL, TCT_DTREGISTROCRCRESP, TCT_EMAILRESPONSAVEL, TCT_CODMUNICIPIO, TCT_CEP, TCT_TIPOLOGRADOURO, TCT_ENDERECO, TCT_COMPLEMENTO, TCT_NUMERO, TCT_BAIRRO, TCT_EMAIL, TCT_DDDFONE, TCT_FONE, TCT_DDDFAX, TCT_FAX)
values (204797, 'MARIA MIRTENE SOARES DE ARAUJO', 1, 22782796372, 1, 'PI003164O0', 100122, 2, to_date('24-10-1983', 'dd-mm-yyyy'), 2, null, null, null, null, 100122, null, null, 221100, 64018090, 33, 'SANTA ANA', null, '1240', 'VERMELHA', 'CONSTECCONTABILIDADE@HOTMAIL.COM', '86', '32213422', '86', '999433418');
commit;
prompt 1 records loaded
prompt Loading APL_REDESIM_EXP.TAB_EMPRESA...
insert into APL_REDESIM_EXP.TAB_EMPRESA (TEM_ID, TEM_TCC_ID, TEM_RAZAOSOCIAL, TEM_NIRE, TEM_CNPJ, TEM_NOMEFANTASIA, TEM_NATUREZAJURIDICA, TEM_INSCRICAOESTADUAL, TEM_INSCRICAOMUNICIPAL, TEM_DDDTEL, TEM_TELEFONE, TEM_DDDFAX, TEM_FAX, TEM_DTINICIOATIVIDADE, TEM_DTTERMINOATIVIDADE, TEM_OBJETOSOCIAL, TEM_DTASSINATURA, TEM_PORTE, TEM_CAPITALSOCIAL, TEM_SITUACAO, TEM_DTULTARQUIVAMENTO, TEM_DTCONSTITUICAO, TEM_NIREMATRIZ, TEM_CAPITALINTEGRALIZADO, TEM_DESTAQUECAPITAL, TEM_TIPOUNIDADE, TEM_NIREANTERIOR, TEM_REPLEGALNOME, TEM_REPLEGALEMAIL, TEM_REPLEGALDDD, TEM_REPLEGALFONE, TEM_SITIO)
values (195404, 204771, 'ISNAEL DO NASCIMENTO SILVA 60691733333', '21801803346', 35668098000134, 'METALURGICA ESTRELA', '2135', null, null, null, 0, null, null, to_date('01-12-2019', 'dd-mm-yyyy'), null, 'FABRICACAO DE ARTIGOS DE SERRALHERIA, SOB ENCOMENDA OU NAO - SERRALHEIRO. - SERRALHEIRO(A), SOB ENCOMENDA OU NAO, INDEPENDENTE;;SERVICOS DE SOLDA - SOLDADOR/BRASADOR INDEPENDENTE.', to_date('01-12-2019', 'dd-mm-yyyy'), 3, 5000, '00', to_date('01-12-2019', 'dd-mm-yyyy'), to_date('01-12-2019', 'dd-mm-yyyy'), null, null, 0, 0, null, 'ISNAEL DO NASCIMENTO SILVA', null, null, null, null);
insert into APL_REDESIM_EXP.TAB_EMPRESA (TEM_ID, TEM_TCC_ID, TEM_RAZAOSOCIAL, TEM_NIRE, TEM_CNPJ, TEM_NOMEFANTASIA, TEM_NATUREZAJURIDICA, TEM_INSCRICAOESTADUAL, TEM_INSCRICAOMUNICIPAL, TEM_DDDTEL, TEM_TELEFONE, TEM_DDDFAX, TEM_FAX, TEM_DTINICIOATIVIDADE, TEM_DTTERMINOATIVIDADE, TEM_OBJETOSOCIAL, TEM_DTASSINATURA, TEM_PORTE, TEM_CAPITALSOCIAL, TEM_SITUACAO, TEM_DTULTARQUIVAMENTO, TEM_DTCONSTITUICAO, TEM_NIREMATRIZ, TEM_CAPITALINTEGRALIZADO, TEM_DESTAQUECAPITAL, TEM_TIPOUNIDADE, TEM_NIREANTERIOR, TEM_REPLEGALNOME, TEM_REPLEGALEMAIL, TEM_REPLEGALDDD, TEM_REPLEGALFONE, TEM_SITIO)
values (195430, 204797, 'M F DE OLIVEIRA', '21102295465', 35668420000125, 'DELIZIE ROLLS', '2135', null, null, 86, 32213422, null, null, to_date('28-11-2019', 'dd-mm-yyyy'), null, 'Lanchonetes, casas de chá, de sucos e similares', to_date('28-11-2019', 'dd-mm-yyyy'), 1, 20000, '00', to_date('01-12-2019', 'dd-mm-yyyy'), to_date('01-12-2019', 'dd-mm-yyyy'), null, null, 0, 0, null, 'MARCIO FELIPE DE OLIVEIRA', 'CONSTECCONTABILIDADE@HOTMAIL.COM', 86, 81010555, null);
insert into APL_REDESIM_EXP.TAB_EMPRESA (TEM_ID, TEM_TCC_ID, TEM_RAZAOSOCIAL, TEM_NIRE, TEM_CNPJ, TEM_NOMEFANTASIA, TEM_NATUREZAJURIDICA, TEM_INSCRICAOESTADUAL, TEM_INSCRICAOMUNICIPAL, TEM_DDDTEL, TEM_TELEFONE, TEM_DDDFAX, TEM_FAX, TEM_DTINICIOATIVIDADE, TEM_DTTERMINOATIVIDADE, TEM_OBJETOSOCIAL, TEM_DTASSINATURA, TEM_PORTE, TEM_CAPITALSOCIAL, TEM_SITUACAO, TEM_DTULTARQUIVAMENTO, TEM_DTCONSTITUICAO, TEM_NIREMATRIZ, TEM_CAPITALINTEGRALIZADO, TEM_DESTAQUECAPITAL, TEM_TIPOUNIDADE, TEM_NIREANTERIOR, TEM_REPLEGALNOME, TEM_REPLEGALEMAIL, TEM_REPLEGALDDD, TEM_REPLEGALFONE, TEM_SITIO)
values (195439, 204806, 'LUZINETE DOS SANTOS PEREIRA 02071842324', '21801803281', 35667561000123, 'COMERCIO FLA LINGERIES', '2135', null, null, 98, 87157227, null, null, to_date('01-12-2019', 'dd-mm-yyyy'), null, 'COMERCIO VAREJISTA DE ARTIGOS EROTICOS - COMERCIANTE INDEPENDENTE DE ARTIGOS EROTICOS', to_date('01-12-2019', 'dd-mm-yyyy'), 3, 5000, '00', to_date('01-12-2019', 'dd-mm-yyyy'), to_date('01-12-2019', 'dd-mm-yyyy'), null, null, 0, 0, null, 'LUZINETE DOS SANTOS PEREIRA', null, null, null, null);
insert into APL_REDESIM_EXP.TAB_EMPRESA (TEM_ID, TEM_TCC_ID, TEM_RAZAOSOCIAL, TEM_NIRE, TEM_CNPJ, TEM_NOMEFANTASIA, TEM_NATUREZAJURIDICA, TEM_INSCRICAOESTADUAL, TEM_INSCRICAOMUNICIPAL, TEM_DDDTEL, TEM_TELEFONE, TEM_DDDFAX, TEM_FAX, TEM_DTINICIOATIVIDADE, TEM_DTTERMINOATIVIDADE, TEM_OBJETOSOCIAL, TEM_DTASSINATURA, TEM_PORTE, TEM_CAPITALSOCIAL, TEM_SITUACAO, TEM_DTULTARQUIVAMENTO, TEM_DTCONSTITUICAO, TEM_NIREMATRIZ, TEM_CAPITALINTEGRALIZADO, TEM_DESTAQUECAPITAL, TEM_TIPOUNIDADE, TEM_NIREANTERIOR, TEM_REPLEGALNOME, TEM_REPLEGALEMAIL, TEM_REPLEGALDDD, TEM_REPLEGALFONE, TEM_SITIO)
values (195450, 204818, 'MARIA OSMILDA AGUIAR COSTA 29433261860', '21801803303', 35667827000138, 'RECORTE ENVELOPAMENTO', '2135', null, null, 86, 88299389, null, null, to_date('01-12-2019', 'dd-mm-yyyy'), null, 'SERVICOS DE INSTALACAO E REPARACAO DE ACESSORIOS AUTOMOTIVOS - INSTALADOR E REPARADOR DE ACESSORIOS AUTOMOTIVOS, INDEPENDENTE', to_date('01-12-2019', 'dd-mm-yyyy'), 3, 5000, '00', to_date('01-12-2019', 'dd-mm-yyyy'), to_date('01-12-2019', 'dd-mm-yyyy'), null, null, 0, 0, null, 'MARIA OSMILDA AGUIAR COSTA', null, null, null, null);
insert into APL_REDESIM_EXP.TAB_EMPRESA (TEM_ID, TEM_TCC_ID, TEM_RAZAOSOCIAL, TEM_NIRE, TEM_CNPJ, TEM_NOMEFANTASIA, TEM_NATUREZAJURIDICA, TEM_INSCRICAOESTADUAL, TEM_INSCRICAOMUNICIPAL, TEM_DDDTEL, TEM_TELEFONE, TEM_DDDFAX, TEM_FAX, TEM_DTINICIOATIVIDADE, TEM_DTTERMINOATIVIDADE, TEM_OBJETOSOCIAL, TEM_DTASSINATURA, TEM_PORTE, TEM_CAPITALSOCIAL, TEM_SITUACAO, TEM_DTULTARQUIVAMENTO, TEM_DTCONSTITUICAO, TEM_NIREMATRIZ, TEM_CAPITALINTEGRALIZADO, TEM_DESTAQUECAPITAL, TEM_TIPOUNIDADE, TEM_NIREANTERIOR, TEM_REPLEGALNOME, TEM_REPLEGALEMAIL, TEM_REPLEGALDDD, TEM_REPLEGALFONE, TEM_SITIO)
values (195476, 204845, 'CLAUDIO ROBERTO PEREIRA LICAR 60735803390', '21801803192', 35666408000181, 'MECANICA GALEGO', '2135', null, null, 98, 91761004, null, null, to_date('30-11-2019', 'dd-mm-yyyy'), null, 'SERVICOS DE INSTALACAO E REPARACAO DE ACESSORIOS AUTOMOTIVOS - INSTALADOR E REPARADOR DE ACESSORIOS AUTOMOTIVOS, INDEPENDENTE;;SERVICOS DE MANUTENCAO E REPARACAO ELETRICA EM VEICULOS AUTOMOTORES - ELETRICISTA DE AUTOS, INDEPENDENTE;;SERVICO DE RECONDICIONAMENTO, RECUPERACAO OU RETIFICA DE MOTORES PARA VEICULOS AUTOMOTORES - RETIFICADOR DE MOTORES PARA VEICULOS AUTOMOTORES, INDEPENDENTE', to_date('30-11-2019', 'dd-mm-yyyy'), 3, 3000, '00', to_date('30-11-2019', 'dd-mm-yyyy'), to_date('30-11-2019', 'dd-mm-yyyy'), null, null, 0, 0, null, 'CLAUDIO ROBERTO PEREIRA LICAR', null, null, null, null);
insert into APL_REDESIM_EXP.TAB_EMPRESA (TEM_ID, TEM_TCC_ID, TEM_RAZAOSOCIAL, TEM_NIRE, TEM_CNPJ, TEM_NOMEFANTASIA, TEM_NATUREZAJURIDICA, TEM_INSCRICAOESTADUAL, TEM_INSCRICAOMUNICIPAL, TEM_DDDTEL, TEM_TELEFONE, TEM_DDDFAX, TEM_FAX, TEM_DTINICIOATIVIDADE, TEM_DTTERMINOATIVIDADE, TEM_OBJETOSOCIAL, TEM_DTASSINATURA, TEM_PORTE, TEM_CAPITALSOCIAL, TEM_SITUACAO, TEM_DTULTARQUIVAMENTO, TEM_DTCONSTITUICAO, TEM_NIREMATRIZ, TEM_CAPITALINTEGRALIZADO, TEM_DESTAQUECAPITAL, TEM_TIPOUNIDADE, TEM_NIREANTERIOR, TEM_REPLEGALNOME, TEM_REPLEGALEMAIL, TEM_REPLEGALDDD, TEM_REPLEGALFONE, TEM_SITIO)
values (195480, 204849, 'JOSE RAIMUNDO DE ALMEIDA SILVA 94937206249', '21801803397', 23892304000106, 'GUSTAVO MATERIAIS PARA CONSTRUCAO 984054514', '2135', null, null, 94, 99449695, null, null, to_date('29-12-2015', 'dd-mm-yyyy'), null, 'Comercio varejista de materiais de construcao em geral - Comerciante independente de materiais de construcao em geral; Comercio varejista de ferragens e ferramentas - Comerciante independente de ferragens e ferramentas; Comercio varejista de materiais hidraulicos - Comerciante independente de materiais hidraulicos', to_date('29-12-2015', 'dd-mm-yyyy'), 3, 50000, '00', to_date('01-12-2019', 'dd-mm-yyyy'), to_date('29-12-2015', 'dd-mm-yyyy'), null, null, 0, 0, null, 'JOSE RAIMUNDO DE ALMEIDA SILVA', null, null, null, null);
insert into APL_REDESIM_EXP.TAB_EMPRESA (TEM_ID, TEM_TCC_ID, TEM_RAZAOSOCIAL, TEM_NIRE, TEM_CNPJ, TEM_NOMEFANTASIA, TEM_NATUREZAJURIDICA, TEM_INSCRICAOESTADUAL, TEM_INSCRICAOMUNICIPAL, TEM_DDDTEL, TEM_TELEFONE, TEM_DDDFAX, TEM_FAX, TEM_DTINICIOATIVIDADE, TEM_DTTERMINOATIVIDADE, TEM_OBJETOSOCIAL, TEM_DTASSINATURA, TEM_PORTE, TEM_CAPITALSOCIAL, TEM_SITUACAO, TEM_DTULTARQUIVAMENTO, TEM_DTCONSTITUICAO, TEM_NIREMATRIZ, TEM_CAPITALINTEGRALIZADO, TEM_DESTAQUECAPITAL, TEM_TIPOUNIDADE, TEM_NIREANTERIOR, TEM_REPLEGALNOME, TEM_REPLEGALEMAIL, TEM_REPLEGALDDD, TEM_REPLEGALFONE, TEM_SITIO)
values (195502, 204872, 'THAISSA CARDOSO MOREIRA SOUSA LEITE 02699502308', '21801803320', 35667987000187, 'VILA CACHOS', '2135', null, null, 98, 91555756, null, null, to_date('01-12-2019', 'dd-mm-yyyy'), null, 'SERVICOS DE CABELEIREIRO - CABELEIREIRO INDEPENDENTE;;COMERCIO VAREJISTA DE PRODUTOS NATURAIS - COMERCIANTE INDEPENDENTE DE PRODUTOS NATURAIS;;COMERCIO VAREJISTA DE SUVENIRES, BIJUTERIAS E ARTESANATOS - COMERCIANTE INDEPENDENTE DE SUVENIRES, BIJUTERIAS E ARTESANATOS.;;SERVICO DE TREINAMENTO E CAPACITACAO GERENCIAL E PROFISSIONAL - INSTRUTOR DE CURSOS GERENCIAIS, INDEPENDENTE;;SERVICO E VENDA DE BEBIDAS NAO ALCOOLICA E ALIMENTOS PARA CONSUMO NO LOCAL - PROPRIETARIO DE LANCHONETE, INDEPENDENTE', to_date('01-12-2019', 'dd-mm-yyyy'), 3, 5000, '00', to_date('01-12-2019', 'dd-mm-yyyy'), to_date('01-12-2019', 'dd-mm-yyyy'), null, null, 0, 0, null, 'THAISSA CARDOSO MOREIRA SOUSA LEITE', null, null, null, null);
insert into APL_REDESIM_EXP.TAB_EMPRESA (TEM_ID, TEM_TCC_ID, TEM_RAZAOSOCIAL, TEM_NIRE, TEM_CNPJ, TEM_NOMEFANTASIA, TEM_NATUREZAJURIDICA, TEM_INSCRICAOESTADUAL, TEM_INSCRICAOMUNICIPAL, TEM_DDDTEL, TEM_TELEFONE, TEM_DDDFAX, TEM_FAX, TEM_DTINICIOATIVIDADE, TEM_DTTERMINOATIVIDADE, TEM_OBJETOSOCIAL, TEM_DTASSINATURA, TEM_PORTE, TEM_CAPITALSOCIAL, TEM_SITUACAO, TEM_DTULTARQUIVAMENTO, TEM_DTCONSTITUICAO, TEM_NIREMATRIZ, TEM_CAPITALINTEGRALIZADO, TEM_DESTAQUECAPITAL, TEM_TIPOUNIDADE, TEM_NIREANTERIOR, TEM_REPLEGALNOME, TEM_REPLEGALEMAIL, TEM_REPLEGALDDD, TEM_REPLEGALFONE, TEM_SITIO)
values (195504, 204874, 'KELLY THAYNNY BELFORT PEREIRA 06134886360', '21801803290', 35667826000193, 'BELLA BOUTIQUE', '2135', null, null, 98, 98262652, null, null, to_date('01-12-2019', 'dd-mm-yyyy'), null, 'COMERCIO VAREJISTA DE ARTIGOS DO VESTUARIO E ACESSORIOS - COMERCIANTE INDEPENDENTE DE ARTIGOS DO VESTUARIO E ACESSORIOS', to_date('01-12-2019', 'dd-mm-yyyy'), 3, 6000, '00', to_date('01-12-2019', 'dd-mm-yyyy'), to_date('01-12-2019', 'dd-mm-yyyy'), null, null, 0, 0, null, 'KELLY THAYNNY BELFORT PEREIRA', null, null, null, null);
insert into APL_REDESIM_EXP.TAB_EMPRESA (TEM_ID, TEM_TCC_ID, TEM_RAZAOSOCIAL, TEM_NIRE, TEM_CNPJ, TEM_NOMEFANTASIA, TEM_NATUREZAJURIDICA, TEM_INSCRICAOESTADUAL, TEM_INSCRICAOMUNICIPAL, TEM_DDDTEL, TEM_TELEFONE, TEM_DDDFAX, TEM_FAX, TEM_DTINICIOATIVIDADE, TEM_DTTERMINOATIVIDADE, TEM_OBJETOSOCIAL, TEM_DTASSINATURA, TEM_PORTE, TEM_CAPITALSOCIAL, TEM_SITUACAO, TEM_DTULTARQUIVAMENTO, TEM_DTCONSTITUICAO, TEM_NIREMATRIZ, TEM_CAPITALINTEGRALIZADO, TEM_DESTAQUECAPITAL, TEM_TIPOUNIDADE, TEM_NIREANTERIOR, TEM_REPLEGALNOME, TEM_REPLEGALEMAIL, TEM_REPLEGALDDD, TEM_REPLEGALFONE, TEM_SITIO)
values (195508, 204879, 'SILVIA NATALIA PINHEIRO ALMEIDA 00179527355', '21801803389', 35668401000107, 'N & N MODA INTIMA', '2135', null, null, 98, 83108779, null, null, to_date('01-12-2019', 'dd-mm-yyyy'), null, 'COMERCIO VAREJISTA DE ARTIGOS DO VESTUARIO E ACESSORIOS - COMERCIANTE INDEPENDENTE DE ARTIGOS DO VESTUARIO E ACESSORIOS;;CONFECCAO, SOB MEDIDA, DE PECAS DO VESTUARIO - COSTUREIRA, INDEPENDENTE;;REPARACAO DE ARTIGOS E ACESSORIOS DO VESTUARIO - REPARADOR DE ARTIGOS E ACESSORIOS DO VESTUARIO, INDEPENDENTE', to_date('01-12-2019', 'dd-mm-yyyy'), 3, 1000, '00', to_date('01-12-2019', 'dd-mm-yyyy'), to_date('01-12-2019', 'dd-mm-yyyy'), null, null, 0, 0, null, 'SILVIA NATALIA PINHEIRO ALMEIDA', null, null, null, null);
insert into APL_REDESIM_EXP.TAB_EMPRESA (TEM_ID, TEM_TCC_ID, TEM_RAZAOSOCIAL, TEM_NIRE, TEM_CNPJ, TEM_NOMEFANTASIA, TEM_NATUREZAJURIDICA, TEM_INSCRICAOESTADUAL, TEM_INSCRICAOMUNICIPAL, TEM_DDDTEL, TEM_TELEFONE, TEM_DDDFAX, TEM_FAX, TEM_DTINICIOATIVIDADE, TEM_DTTERMINOATIVIDADE, TEM_OBJETOSOCIAL, TEM_DTASSINATURA, TEM_PORTE, TEM_CAPITALSOCIAL, TEM_SITUACAO, TEM_DTULTARQUIVAMENTO, TEM_DTCONSTITUICAO, TEM_NIREMATRIZ, TEM_CAPITALINTEGRALIZADO, TEM_DESTAQUECAPITAL, TEM_TIPOUNIDADE, TEM_NIREANTERIOR, TEM_REPLEGALNOME, TEM_REPLEGALEMAIL, TEM_REPLEGALDDD, TEM_REPLEGALFONE, TEM_SITIO)
values (195320, 204684, 'MARIA DAS DORES CARVALHO SILVA 01564016307', '21801803338', 35668065000194, 'PANIFICADORA CARVALHO', '2135', null, null, 99, 84464204, null, null, to_date('01-12-2019', 'dd-mm-yyyy'), null, 'FABRICACAO DE DOCES - DOCEIRA INDEPENDENTE;;FABRICACAO DE SALGADOS - SALGADEIRA INDEPENDENTE.', to_date('01-12-2019', 'dd-mm-yyyy'), 3, 10000, '00', to_date('01-12-2019', 'dd-mm-yyyy'), to_date('01-12-2019', 'dd-mm-yyyy'), null, null, 0, 0, null, 'MARIA DAS DORES CARVALHO SILVA', null, null, null, null);
insert into APL_REDESIM_EXP.TAB_EMPRESA (TEM_ID, TEM_TCC_ID, TEM_RAZAOSOCIAL, TEM_NIRE, TEM_CNPJ, TEM_NOMEFANTASIA, TEM_NATUREZAJURIDICA, TEM_INSCRICAOESTADUAL, TEM_INSCRICAOMUNICIPAL, TEM_DDDTEL, TEM_TELEFONE, TEM_DDDFAX, TEM_FAX, TEM_DTINICIOATIVIDADE, TEM_DTTERMINOATIVIDADE, TEM_OBJETOSOCIAL, TEM_DTASSINATURA, TEM_PORTE, TEM_CAPITALSOCIAL, TEM_SITUACAO, TEM_DTULTARQUIVAMENTO, TEM_DTCONSTITUICAO, TEM_NIREMATRIZ, TEM_CAPITALINTEGRALIZADO, TEM_DESTAQUECAPITAL, TEM_TIPOUNIDADE, TEM_NIREANTERIOR, TEM_REPLEGALNOME, TEM_REPLEGALEMAIL, TEM_REPLEGALDDD, TEM_REPLEGALFONE, TEM_SITIO)
values (195327, 204691, 'JOSE JELISON SILVA DO NASCIMENTO 02265635375', '21801803311', 35667876000170, 'DJGUES DESING', '2135', null, null, 47, 84191703, null, null, to_date('01-12-2019', 'dd-mm-yyyy'), null, 'SERVICOS DE ESTAMPARIA EM PECAS DO VESTUARIO - ESTAMPADOR DE PECAS DO VESTUARIO INDEPENDENTE;;SERVICOS DE DECORACAO, LAPIDACAO, GRAVACAO, VITRIFICACAO E OUTROS TRABALHOS EM LOUCA, VIDRO E CRISTAL - ARTESAO EM LOUCAS, VIDRO E CRISTAL INDEPENDENTE;;FABRICACAO DE PRODUTOS ARTESANAIS EM MARMORE, GRANITO, ARDOSIAS E OUTRAS PEDRAS - ARTESAO EM MARMORE, GRANITO, ARDOSIA E OUTRAS PEDRAS INDEPENDENTE;;COMERCIO VAREJISTA DE ARTIGOS DO VESTUARIO E ACESSORIOS - COMERCIANTE INDEPENDENTE DE ARTIGOS DO VESTUARIO E ACESSORIOS;;COMERCIO VAREJISTA DE MOLDURAS E QUADROS - COMERCIANTE INDEPENDENTE DE MOLDURAS E QUADROS;;COMERCIO VAREJISTA DE TECIDOS - COMERCIANTE INDEPENDENTE DE TECIDOS;;SERVICO DE CORTE E COST', to_date('01-12-2019', 'dd-mm-yyyy'), 3, 5000, '00', to_date('01-12-2019', 'dd-mm-yyyy'), to_date('01-12-2019', 'dd-mm-yyyy'), null, null, 0, 0, null, 'JOSE JELISON SILVA DO NASCIMENTO', null, null, null, null);
insert into APL_REDESIM_EXP.TAB_EMPRESA (TEM_ID, TEM_TCC_ID, TEM_RAZAOSOCIAL, TEM_NIRE, TEM_CNPJ, TEM_NOMEFANTASIA, TEM_NATUREZAJURIDICA, TEM_INSCRICAOESTADUAL, TEM_INSCRICAOMUNICIPAL, TEM_DDDTEL, TEM_TELEFONE, TEM_DDDFAX, TEM_FAX, TEM_DTINICIOATIVIDADE, TEM_DTTERMINOATIVIDADE, TEM_OBJETOSOCIAL, TEM_DTASSINATURA, TEM_PORTE, TEM_CAPITALSOCIAL, TEM_SITUACAO, TEM_DTULTARQUIVAMENTO, TEM_DTCONSTITUICAO, TEM_NIREMATRIZ, TEM_CAPITALINTEGRALIZADO, TEM_DESTAQUECAPITAL, TEM_TIPOUNIDADE, TEM_NIREANTERIOR, TEM_REPLEGALNOME, TEM_REPLEGALEMAIL, TEM_REPLEGALDDD, TEM_REPLEGALFONE, TEM_SITIO)
values (195353, 204720, 'BRENDDA DE OLIVEIRA MOTA BERTOLDO 60451071360', '21801803249', 35666885000147, null, '2135', null, null, 99, 36651337, null, null, to_date('30-11-2019', 'dd-mm-yyyy'), null, 'SERVICOS DE PREPARACAO DE ALIMENTOS PARA CONSUMO - COZINHEIRA QUE FORNECE REFEICOES PRONTAS E EMBALADAS PARA CONSUMO INDEPENDENTE;;COMERCIO VAREJISTA AMBULANTE DE PRODUTOS ALIMENTICIOS PRONTOS PARA O CONSUMO - VENDEDOR AMBULANTE DE PRODUTOS ALIMENTICIOS, INDEPENDENTE.', to_date('30-11-2019', 'dd-mm-yyyy'), 3, 3000, '00', to_date('30-11-2019', 'dd-mm-yyyy'), to_date('30-11-2019', 'dd-mm-yyyy'), null, null, 0, 0, null, 'BRENDDA DE OLIVEIRA MOTA BERTOLDO', null, null, null, null);
insert into APL_REDESIM_EXP.TAB_EMPRESA (TEM_ID, TEM_TCC_ID, TEM_RAZAOSOCIAL, TEM_NIRE, TEM_CNPJ, TEM_NOMEFANTASIA, TEM_NATUREZAJURIDICA, TEM_INSCRICAOESTADUAL, TEM_INSCRICAOMUNICIPAL, TEM_DDDTEL, TEM_TELEFONE, TEM_DDDFAX, TEM_FAX, TEM_DTINICIOATIVIDADE, TEM_DTTERMINOATIVIDADE, TEM_OBJETOSOCIAL, TEM_DTASSINATURA, TEM_PORTE, TEM_CAPITALSOCIAL, TEM_SITUACAO, TEM_DTULTARQUIVAMENTO, TEM_DTCONSTITUICAO, TEM_NIREMATRIZ, TEM_CAPITALINTEGRALIZADO, TEM_DESTAQUECAPITAL, TEM_TIPOUNIDADE, TEM_NIREANTERIOR, TEM_REPLEGALNOME, TEM_REPLEGALEMAIL, TEM_REPLEGALDDD, TEM_REPLEGALFONE, TEM_SITIO)
values (195372, 204739, 'ANTONIO SOUSA DA SILVA 47190566287', '21801803273', 35667517000113, 'LIVRARIAVITORIA', '2135', null, null, 98, 84256442, null, null, to_date('01-12-2019', 'dd-mm-yyyy'), null, 'COMERCIO VAREJISTA DE PRODUTOS RELIGIOSOS - COMERCIANTE INDEPENDENTE DE PRODUTOS RELIGIOSOS', to_date('01-12-2019', 'dd-mm-yyyy'), 3, 3000, '00', to_date('01-12-2019', 'dd-mm-yyyy'), to_date('01-12-2019', 'dd-mm-yyyy'), null, null, 0, 0, null, 'ANTONIO SOUSA DA SILVA', null, null, null, null);
commit;
prompt 13 records loaded
prompt Loading APL_REDESIM_EXP.TAB_EMPRESA_ENDERECO...
insert into APL_REDESIM_EXP.TAB_EMPRESA_ENDERECO (TEN_TEM_ID, TEN_CEP, TEN_TIPOIMOVEL, TEN_TIPOLOGRADOURO, TEN_ENDERECO, TEN_NUMERO, TEN_COMPLEMENTO, TEN_BAIRRO, TEN_EMAIL, TEN_CAIXAPOSTAL, TEN_CAIXAPOSTALCEP, TEN_CODMUNICIPIO, TEN_AREAUTILIZADA, TEN_INSCRICAOIMOBILIARIA, TEN_REFERENCIA, TEN_NIRF, TEN_INCRA, TEN_METRAGEM, TEN_ID)
values (195404, 65755000, null, 208, '10A RUA RUA DR. JOSE FALCAO', 'S/N', 'GALPAO', 'CENTRO', 'ISNAEL-KF-14@HOTMAIL.COM', null, null, 210560, null, null, null, null, null, null, 195404);
insert into APL_REDESIM_EXP.TAB_EMPRESA_ENDERECO (TEN_TEM_ID, TEN_CEP, TEN_TIPOIMOVEL, TEN_TIPOLOGRADOURO, TEN_ENDERECO, TEN_NUMERO, TEN_COMPLEMENTO, TEN_BAIRRO, TEN_EMAIL, TEN_CAIXAPOSTAL, TEN_CAIXAPOSTALCEP, TEN_CODMUNICIPIO, TEN_AREAUTILIZADA, TEN_INSCRICAOIMOBILIARIA, TEN_REFERENCIA, TEN_NIRF, TEN_INCRA, TEN_METRAGEM, TEN_ID)
values (195430, 65605295, 3, 32, 'BR-316', '4362', 'QUIOSQ 08;', 'Bela Vista', 'consteccontabilidade@hotmail.com', null, null, 210300, 20, null, null, null, null, 20, 195430);
insert into APL_REDESIM_EXP.TAB_EMPRESA_ENDERECO (TEN_TEM_ID, TEN_CEP, TEN_TIPOIMOVEL, TEN_TIPOLOGRADOURO, TEN_ENDERECO, TEN_NUMERO, TEN_COMPLEMENTO, TEN_BAIRRO, TEN_EMAIL, TEN_CAIXAPOSTAL, TEN_CAIXAPOSTALCEP, TEN_CODMUNICIPIO, TEN_AREAUTILIZADA, TEN_INSCRICAOIMOBILIARIA, TEN_REFERENCIA, TEN_NIRF, TEN_INCRA, TEN_METRAGEM, TEN_ID)
values (195439, 65036010, null, 33, 'AGOSTINHO REIS', '38', null, 'APEADOURO', 'CONFITURIE.CO2014@GMAIL.COM', null, null, 211130, null, null, null, null, null, null, 195439);
insert into APL_REDESIM_EXP.TAB_EMPRESA_ENDERECO (TEN_TEM_ID, TEN_CEP, TEN_TIPOIMOVEL, TEN_TIPOLOGRADOURO, TEN_ENDERECO, TEN_NUMERO, TEN_COMPLEMENTO, TEN_BAIRRO, TEN_EMAIL, TEN_CAIXAPOSTAL, TEN_CAIXAPOSTALCEP, TEN_CODMUNICIPIO, TEN_AREAUTILIZADA, TEN_INSCRICAOIMOBILIARIA, TEN_REFERENCIA, TEN_NIRF, TEN_INCRA, TEN_METRAGEM, TEN_ID)
values (195450, 65633010, null, 33, 'RAIMUNDO CORREIA DA SILVA', '665', null, 'PARQUE ALVORADA', 'CLEYTONLINHARESAGUIAR@GMAIL.COM', null, null, 211220, null, null, null, null, null, null, 195450);
insert into APL_REDESIM_EXP.TAB_EMPRESA_ENDERECO (TEN_TEM_ID, TEN_CEP, TEN_TIPOIMOVEL, TEN_TIPOLOGRADOURO, TEN_ENDERECO, TEN_NUMERO, TEN_COMPLEMENTO, TEN_BAIRRO, TEN_EMAIL, TEN_CAIXAPOSTAL, TEN_CAIXAPOSTALCEP, TEN_CODMUNICIPIO, TEN_AREAUTILIZADA, TEN_INSCRICAOIMOBILIARIA, TEN_REFERENCIA, TEN_NIRF, TEN_INCRA, TEN_METRAGEM, TEN_ID)
values (195476, 65130000, null, 33, '07 QUADRA 05', '28', 'CONJ', 'VILA EPITACIO CAFETERIA', 'CLAUDIOROBERTO3120@GMAIL.COM', null, null, 210750, null, null, null, null, null, null, 195476);
insert into APL_REDESIM_EXP.TAB_EMPRESA_ENDERECO (TEN_TEM_ID, TEN_CEP, TEN_TIPOIMOVEL, TEN_TIPOLOGRADOURO, TEN_ENDERECO, TEN_NUMERO, TEN_COMPLEMENTO, TEN_BAIRRO, TEN_EMAIL, TEN_CAIXAPOSTAL, TEN_CAIXAPOSTALCEP, TEN_CODMUNICIPIO, TEN_AREAUTILIZADA, TEN_INSCRICAOIMOBILIARIA, TEN_REFERENCIA, TEN_NIRF, TEN_INCRA, TEN_METRAGEM, TEN_ID)
values (195480, 65415000, null, 4, 'CENTRAL', '1341A', null, 'TRIZIDELA', 'jrgustavo.silva@gmail.com', null, null, 210360, null, null, null, null, null, null, 195480);
insert into APL_REDESIM_EXP.TAB_EMPRESA_ENDERECO (TEN_TEM_ID, TEN_CEP, TEN_TIPOIMOVEL, TEN_TIPOLOGRADOURO, TEN_ENDERECO, TEN_NUMERO, TEN_COMPLEMENTO, TEN_BAIRRO, TEN_EMAIL, TEN_CAIXAPOSTAL, TEN_CAIXAPOSTALCEP, TEN_CODMUNICIPIO, TEN_AREAUTILIZADA, TEN_INSCRICAOIMOBILIARIA, TEN_REFERENCIA, TEN_NIRF, TEN_INCRA, TEN_METRAGEM, TEN_ID)
values (195502, 65070490, null, 33, 'UM', '19', 'BLOCO B;APT 202;COND MOGNO', 'CONJUNTO DOS IPES', 'RAMONLLEANDRO@HOTMAIL.COM', null, null, 211130, null, null, null, null, null, null, 195502);
insert into APL_REDESIM_EXP.TAB_EMPRESA_ENDERECO (TEN_TEM_ID, TEN_CEP, TEN_TIPOIMOVEL, TEN_TIPOLOGRADOURO, TEN_ENDERECO, TEN_NUMERO, TEN_COMPLEMENTO, TEN_BAIRRO, TEN_EMAIL, TEN_CAIXAPOSTAL, TEN_CAIXAPOSTALCEP, TEN_CODMUNICIPIO, TEN_AREAUTILIZADA, TEN_INSCRICAOIMOBILIARIA, TEN_REFERENCIA, TEN_NIRF, TEN_INCRA, TEN_METRAGEM, TEN_ID)
values (195504, 65045070, null, 33, 'DO ARAME', '54A', null, 'VILA PALMEIRA', 'KELLY_THAYNNY@HOTMAIL.COM', null, null, 211130, null, null, null, null, null, null, 195504);
insert into APL_REDESIM_EXP.TAB_EMPRESA_ENDERECO (TEN_TEM_ID, TEN_CEP, TEN_TIPOIMOVEL, TEN_TIPOLOGRADOURO, TEN_ENDERECO, TEN_NUMERO, TEN_COMPLEMENTO, TEN_BAIRRO, TEN_EMAIL, TEN_CAIXAPOSTAL, TEN_CAIXAPOSTALCEP, TEN_CODMUNICIPIO, TEN_AREAUTILIZADA, TEN_INSCRICAOIMOBILIARIA, TEN_REFERENCIA, TEN_NIRF, TEN_INCRA, TEN_METRAGEM, TEN_ID)
values (195508, 65030430, null, 33, 'DOM PEDRO I', '325', null, 'FATIMA', '55ATENDE.NATALYA@GMAIL.COM', null, null, 211130, null, null, null, null, null, null, 195508);
insert into APL_REDESIM_EXP.TAB_EMPRESA_ENDERECO (TEN_TEM_ID, TEN_CEP, TEN_TIPOIMOVEL, TEN_TIPOLOGRADOURO, TEN_ENDERECO, TEN_NUMERO, TEN_COMPLEMENTO, TEN_BAIRRO, TEN_EMAIL, TEN_CAIXAPOSTAL, TEN_CAIXAPOSTALCEP, TEN_CODMUNICIPIO, TEN_AREAUTILIZADA, TEN_INSCRICAOIMOBILIARIA, TEN_REFERENCIA, TEN_NIRF, TEN_INCRA, TEN_METRAGEM, TEN_ID)
values (195320, 65758000, null, 33, 'DO COM?RCIO', '20', 'CONJ', 'CENTRO', 'JOSILDAC@GMAIL.COM', null, null, 211167, null, null, null, null, null, null, 195320);
insert into APL_REDESIM_EXP.TAB_EMPRESA_ENDERECO (TEN_TEM_ID, TEN_CEP, TEN_TIPOIMOVEL, TEN_TIPOLOGRADOURO, TEN_ENDERECO, TEN_NUMERO, TEN_COMPLEMENTO, TEN_BAIRRO, TEN_EMAIL, TEN_CAIXAPOSTAL, TEN_CAIXAPOSTALCEP, TEN_CODMUNICIPIO, TEN_AREAUTILIZADA, TEN_INSCRICAOIMOBILIARIA, TEN_REFERENCIA, TEN_NIRF, TEN_INCRA, TEN_METRAGEM, TEN_ID)
values (195327, 65580000, null, 33, 'DOUTOR RAMOS', '538', null, 'BARRA', 'J.JELISON@HOTMAIL.COM', null, null, 211250, null, null, null, null, null, null, 195327);
insert into APL_REDESIM_EXP.TAB_EMPRESA_ENDERECO (TEN_TEM_ID, TEN_CEP, TEN_TIPOIMOVEL, TEN_TIPOLOGRADOURO, TEN_ENDERECO, TEN_NUMERO, TEN_COMPLEMENTO, TEN_BAIRRO, TEN_EMAIL, TEN_CAIXAPOSTAL, TEN_CAIXAPOSTALCEP, TEN_CODMUNICIPIO, TEN_AREAUTILIZADA, TEN_INSCRICAOIMOBILIARIA, TEN_REFERENCIA, TEN_NIRF, TEN_INCRA, TEN_METRAGEM, TEN_ID)
values (195353, 65735000, null, 212, '12A RUA RUA RAIMUNDO BRAZ', 'S/N', 'CASA', 'CENTRO', 'BRENDDAMOTHA24@GMAIL.COM', null, null, 210275, null, null, null, null, null, null, 195353);
insert into APL_REDESIM_EXP.TAB_EMPRESA_ENDERECO (TEN_TEM_ID, TEN_CEP, TEN_TIPOIMOVEL, TEN_TIPOLOGRADOURO, TEN_ENDERECO, TEN_NUMERO, TEN_COMPLEMENTO, TEN_BAIRRO, TEN_EMAIL, TEN_CAIXAPOSTAL, TEN_CAIXAPOSTALCEP, TEN_CODMUNICIPIO, TEN_AREAUTILIZADA, TEN_INSCRICAOIMOBILIARIA, TEN_REFERENCIA, TEN_NIRF, TEN_INCRA, TEN_METRAGEM, TEN_ID)
values (195372, 65058728, null, 33, 'DA UNIAO', 'A01', 'CONJ 01 A', 'SANTA EFIGENIA', 'ARIMARIA2015@HOTMAIL.COM', null, null, 211130, null, null, null, null, null, null, 195372);
commit;
prompt 13 records loaded
prompt Loading APL_REDESIM_EXP.TAB_EVENTO...
insert into APL_REDESIM_EXP.TAB_EVENTO (TEV_TCC_ID, TEV_EVENTO)
values (204684, 101);
insert into APL_REDESIM_EXP.TAB_EVENTO (TEV_TCC_ID, TEV_EVENTO)
values (204691, 101);
insert into APL_REDESIM_EXP.TAB_EVENTO (TEV_TCC_ID, TEV_EVENTO)
values (204720, 101);
insert into APL_REDESIM_EXP.TAB_EVENTO (TEV_TCC_ID, TEV_EVENTO)
values (204739, 101);
insert into APL_REDESIM_EXP.TAB_EVENTO (TEV_TCC_ID, TEV_EVENTO)
values (204771, 101);
insert into APL_REDESIM_EXP.TAB_EVENTO (TEV_TCC_ID, TEV_EVENTO)
values (204797, 101);
insert into APL_REDESIM_EXP.TAB_EVENTO (TEV_TCC_ID, TEV_EVENTO)
values (204806, 101);
insert into APL_REDESIM_EXP.TAB_EVENTO (TEV_TCC_ID, TEV_EVENTO)
values (204818, 101);
insert into APL_REDESIM_EXP.TAB_EVENTO (TEV_TCC_ID, TEV_EVENTO)
values (204845, 101);
insert into APL_REDESIM_EXP.TAB_EVENTO (TEV_TCC_ID, TEV_EVENTO)
values (204849, 210);
insert into APL_REDESIM_EXP.TAB_EVENTO (TEV_TCC_ID, TEV_EVENTO)
values (204849, 214);
insert into APL_REDESIM_EXP.TAB_EVENTO (TEV_TCC_ID, TEV_EVENTO)
values (204849, 218);
insert into APL_REDESIM_EXP.TAB_EVENTO (TEV_TCC_ID, TEV_EVENTO)
values (204849, 221);
insert into APL_REDESIM_EXP.TAB_EVENTO (TEV_TCC_ID, TEV_EVENTO)
values (204849, 247);
insert into APL_REDESIM_EXP.TAB_EVENTO (TEV_TCC_ID, TEV_EVENTO)
values (204849, 257);
insert into APL_REDESIM_EXP.TAB_EVENTO (TEV_TCC_ID, TEV_EVENTO)
values (204849, 701);
insert into APL_REDESIM_EXP.TAB_EVENTO (TEV_TCC_ID, TEV_EVENTO)
values (204872, 101);
insert into APL_REDESIM_EXP.TAB_EVENTO (TEV_TCC_ID, TEV_EVENTO)
values (204874, 101);
insert into APL_REDESIM_EXP.TAB_EVENTO (TEV_TCC_ID, TEV_EVENTO)
values (204879, 101);
commit;
prompt 19 records loaded
prompt Loading APL_REDESIM_EXP.TAB_FORMA_ATUACAO...
insert into APL_REDESIM_EXP.TAB_FORMA_ATUACAO (TFA_TCC_ID, TFA_FORMAATUACAO)
values (204684, 3);
insert into APL_REDESIM_EXP.TAB_FORMA_ATUACAO (TFA_TCC_ID, TFA_FORMAATUACAO)
values (204691, 1);
insert into APL_REDESIM_EXP.TAB_FORMA_ATUACAO (TFA_TCC_ID, TFA_FORMAATUACAO)
values (204720, 1);
insert into APL_REDESIM_EXP.TAB_FORMA_ATUACAO (TFA_TCC_ID, TFA_FORMAATUACAO)
values (204720, 2);
insert into APL_REDESIM_EXP.TAB_FORMA_ATUACAO (TFA_TCC_ID, TFA_FORMAATUACAO)
values (204720, 5);
insert into APL_REDESIM_EXP.TAB_FORMA_ATUACAO (TFA_TCC_ID, TFA_FORMAATUACAO)
values (204739, 1);
insert into APL_REDESIM_EXP.TAB_FORMA_ATUACAO (TFA_TCC_ID, TFA_FORMAATUACAO)
values (204739, 4);
insert into APL_REDESIM_EXP.TAB_FORMA_ATUACAO (TFA_TCC_ID, TFA_FORMAATUACAO)
values (204739, 5);
insert into APL_REDESIM_EXP.TAB_FORMA_ATUACAO (TFA_TCC_ID, TFA_FORMAATUACAO)
values (204771, 1);
insert into APL_REDESIM_EXP.TAB_FORMA_ATUACAO (TFA_TCC_ID, TFA_FORMAATUACAO)
values (204797, 1);
insert into APL_REDESIM_EXP.TAB_FORMA_ATUACAO (TFA_TCC_ID, TFA_FORMAATUACAO)
values (204806, 2);
insert into APL_REDESIM_EXP.TAB_FORMA_ATUACAO (TFA_TCC_ID, TFA_FORMAATUACAO)
values (204818, 1);
insert into APL_REDESIM_EXP.TAB_FORMA_ATUACAO (TFA_TCC_ID, TFA_FORMAATUACAO)
values (204845, 1);
insert into APL_REDESIM_EXP.TAB_FORMA_ATUACAO (TFA_TCC_ID, TFA_FORMAATUACAO)
values (204849, 1);
insert into APL_REDESIM_EXP.TAB_FORMA_ATUACAO (TFA_TCC_ID, TFA_FORMAATUACAO)
values (204872, 1);
insert into APL_REDESIM_EXP.TAB_FORMA_ATUACAO (TFA_TCC_ID, TFA_FORMAATUACAO)
values (204872, 2);
insert into APL_REDESIM_EXP.TAB_FORMA_ATUACAO (TFA_TCC_ID, TFA_FORMAATUACAO)
values (204872, 3);
insert into APL_REDESIM_EXP.TAB_FORMA_ATUACAO (TFA_TCC_ID, TFA_FORMAATUACAO)
values (204874, 1);
insert into APL_REDESIM_EXP.TAB_FORMA_ATUACAO (TFA_TCC_ID, TFA_FORMAATUACAO)
values (204874, 2);
insert into APL_REDESIM_EXP.TAB_FORMA_ATUACAO (TFA_TCC_ID, TFA_FORMAATUACAO)
values (204879, 1);
commit;
prompt 20 records loaded
prompt Loading APL_REDESIM_EXP.TAB_SOCIOS...
insert into APL_REDESIM_EXP.TAB_SOCIOS (TSO_ID, TSO_TCC_ID, TSO_NOME, TSO_CODPAIS, TSO_CPF_CNPJ, TSO_CEP, TSO_ENDERECO, TSO_NUMERO, TSO_COMPLEMENTO, TSO_BAIRRO, TSO_EMAIL, TSO_DDDTEL, TSO_DDDFAX, TSO_FAX, TSO_ESTADOCIVIL, TSO_DTNASCIMENTO, TSO_SEXO, TSO_IDENTIDADE, TSO_ORGAOEMISSOR, TSO_UFEMISSOR, TSO_CODMUNICIPIO, TSO_DTINICIOMANDATO, TSO_DTFIMMANDATO, TSO_SEQTIPQUALIFICACAO, TSO_NOMEMAE, TSO_DTSAIDASOCIEDADE, TSO_DTENTRADASOCIEDADE, TSO_VALORPARTICIPACAO, TSO_TIPOPESSOA, TSO_EMANCIPADO, TSO_MOTIVOEMANCIPACAO, TSO_TIPODOCUMENTO, TSO_NOMEPAI, TSO_NIRE, TSO_REGCARTORIO, TSO_ANOREGCARTORIO, TSO_NUMCARTORIO, TSO_NOMECOMARCA, TSO_NACIONALIDADE, TSO_MUNICIPIONATURALIDADE, TSO_UFNATURALIDADE, TSO_TIPOLOGRADOURO, TSO_CAIXAPOSTAL, TSO_REGIMEBENS, TSO_DOCORGAOEMISSOR, TSO_DTDOCEMISSAO, TSO_PRAZOINDETERMINADO, TSO_PERCPARTICIPACAO, TSO_CARGOADMINISTRADOR, TSO_CPFCNPJREPRESENTADO, TSO_TELEFONE)
values (355036, 204872, 'THAISSA CARDOSO MOREIRA SOUSA LEITE', null, 2699502308, null, 'UM', '19', 'BLOCO B;APT 202;COND MOGNO', 'CONJUNTO DOS IPES', null, null, null, null, null, to_date('19-10-1987', 'dd-mm-yyyy'), 'F', '0269695120039', 'SSP', 'MA', 211130, to_date('01-12-2019', 'dd-mm-yyyy'), null, 801, 'SILVIA REGINA CARDOSO MOREIRA SOUSA', null, to_date('01-12-2019', 'dd-mm-yyyy'), 0, 1, null, null, 1, null, null, null, null, null, null, null, null, null, 33, null, null, null, null, null, 0, null, null, '991555756');
insert into APL_REDESIM_EXP.TAB_SOCIOS (TSO_ID, TSO_TCC_ID, TSO_NOME, TSO_CODPAIS, TSO_CPF_CNPJ, TSO_CEP, TSO_ENDERECO, TSO_NUMERO, TSO_COMPLEMENTO, TSO_BAIRRO, TSO_EMAIL, TSO_DDDTEL, TSO_DDDFAX, TSO_FAX, TSO_ESTADOCIVIL, TSO_DTNASCIMENTO, TSO_SEXO, TSO_IDENTIDADE, TSO_ORGAOEMISSOR, TSO_UFEMISSOR, TSO_CODMUNICIPIO, TSO_DTINICIOMANDATO, TSO_DTFIMMANDATO, TSO_SEQTIPQUALIFICACAO, TSO_NOMEMAE, TSO_DTSAIDASOCIEDADE, TSO_DTENTRADASOCIEDADE, TSO_VALORPARTICIPACAO, TSO_TIPOPESSOA, TSO_EMANCIPADO, TSO_MOTIVOEMANCIPACAO, TSO_TIPODOCUMENTO, TSO_NOMEPAI, TSO_NIRE, TSO_REGCARTORIO, TSO_ANOREGCARTORIO, TSO_NUMCARTORIO, TSO_NOMECOMARCA, TSO_NACIONALIDADE, TSO_MUNICIPIONATURALIDADE, TSO_UFNATURALIDADE, TSO_TIPOLOGRADOURO, TSO_CAIXAPOSTAL, TSO_REGIMEBENS, TSO_DOCORGAOEMISSOR, TSO_DTDOCEMISSAO, TSO_PRAZOINDETERMINADO, TSO_PERCPARTICIPACAO, TSO_CARGOADMINISTRADOR, TSO_CPFCNPJREPRESENTADO, TSO_TELEFONE)
values (355041, 204874, 'KELLY THAYNNY BELFORT PEREIRA', null, 6134886360, null, 'SAO JOAO', '36A', null, 'VILA PALMEIRA', null, null, null, null, null, to_date('19-09-1993', 'dd-mm-yyyy'), 'F', '0260275120038', 'SSP', 'MA', 211130, to_date('01-12-2019', 'dd-mm-yyyy'), null, 801, 'ROSANGELA MARIA COSTA BELFORT', null, to_date('01-12-2019', 'dd-mm-yyyy'), 0, 1, null, null, 1, null, null, null, null, null, null, null, null, null, 33, null, null, null, null, null, 0, null, null, '982626529');
insert into APL_REDESIM_EXP.TAB_SOCIOS (TSO_ID, TSO_TCC_ID, TSO_NOME, TSO_CODPAIS, TSO_CPF_CNPJ, TSO_CEP, TSO_ENDERECO, TSO_NUMERO, TSO_COMPLEMENTO, TSO_BAIRRO, TSO_EMAIL, TSO_DDDTEL, TSO_DDDFAX, TSO_FAX, TSO_ESTADOCIVIL, TSO_DTNASCIMENTO, TSO_SEXO, TSO_IDENTIDADE, TSO_ORGAOEMISSOR, TSO_UFEMISSOR, TSO_CODMUNICIPIO, TSO_DTINICIOMANDATO, TSO_DTFIMMANDATO, TSO_SEQTIPQUALIFICACAO, TSO_NOMEMAE, TSO_DTSAIDASOCIEDADE, TSO_DTENTRADASOCIEDADE, TSO_VALORPARTICIPACAO, TSO_TIPOPESSOA, TSO_EMANCIPADO, TSO_MOTIVOEMANCIPACAO, TSO_TIPODOCUMENTO, TSO_NOMEPAI, TSO_NIRE, TSO_REGCARTORIO, TSO_ANOREGCARTORIO, TSO_NUMCARTORIO, TSO_NOMECOMARCA, TSO_NACIONALIDADE, TSO_MUNICIPIONATURALIDADE, TSO_UFNATURALIDADE, TSO_TIPOLOGRADOURO, TSO_CAIXAPOSTAL, TSO_REGIMEBENS, TSO_DOCORGAOEMISSOR, TSO_DTDOCEMISSAO, TSO_PRAZOINDETERMINADO, TSO_PERCPARTICIPACAO, TSO_CARGOADMINISTRADOR, TSO_CPFCNPJREPRESENTADO, TSO_TELEFONE)
values (355051, 204879, 'SILVIA NATALIA PINHEIRO ALMEIDA', null, 179527355, null, 'DOM PEDRO I', '325', null, 'FATIMA', null, null, null, null, null, to_date('20-12-1984', 'dd-mm-yyyy'), 'F', '0128295119997', 'SSP', 'MA', 211130, to_date('01-12-2019', 'dd-mm-yyyy'), null, 801, 'MARIA DAS GRACAS PINHEIRO ALMEIDA', null, to_date('01-12-2019', 'dd-mm-yyyy'), 0, 1, null, null, 1, null, null, null, null, null, null, null, null, null, 33, null, null, null, null, null, 0, null, null, '983108779');
insert into APL_REDESIM_EXP.TAB_SOCIOS (TSO_ID, TSO_TCC_ID, TSO_NOME, TSO_CODPAIS, TSO_CPF_CNPJ, TSO_CEP, TSO_ENDERECO, TSO_NUMERO, TSO_COMPLEMENTO, TSO_BAIRRO, TSO_EMAIL, TSO_DDDTEL, TSO_DDDFAX, TSO_FAX, TSO_ESTADOCIVIL, TSO_DTNASCIMENTO, TSO_SEXO, TSO_IDENTIDADE, TSO_ORGAOEMISSOR, TSO_UFEMISSOR, TSO_CODMUNICIPIO, TSO_DTINICIOMANDATO, TSO_DTFIMMANDATO, TSO_SEQTIPQUALIFICACAO, TSO_NOMEMAE, TSO_DTSAIDASOCIEDADE, TSO_DTENTRADASOCIEDADE, TSO_VALORPARTICIPACAO, TSO_TIPOPESSOA, TSO_EMANCIPADO, TSO_MOTIVOEMANCIPACAO, TSO_TIPODOCUMENTO, TSO_NOMEPAI, TSO_NIRE, TSO_REGCARTORIO, TSO_ANOREGCARTORIO, TSO_NUMCARTORIO, TSO_NOMECOMARCA, TSO_NACIONALIDADE, TSO_MUNICIPIONATURALIDADE, TSO_UFNATURALIDADE, TSO_TIPOLOGRADOURO, TSO_CAIXAPOSTAL, TSO_REGIMEBENS, TSO_DOCORGAOEMISSOR, TSO_DTDOCEMISSAO, TSO_PRAZOINDETERMINADO, TSO_PERCPARTICIPACAO, TSO_CARGOADMINISTRADOR, TSO_CPFCNPJREPRESENTADO, TSO_TELEFONE)
values (354792, 204684, 'MARIA DAS DORES CARVALHO SILVA', null, 1564016307, null, 'DO COM?RCIO', '20', 'CONJ', 'CENTRO', null, null, null, null, null, to_date('10-07-1983', 'dd-mm-yyyy'), 'F', '0155117320001', 'SSP', 'MA', 211167, to_date('01-12-2019', 'dd-mm-yyyy'), null, 801, 'ZILDA CALVALHO SILVA', null, to_date('01-12-2019', 'dd-mm-yyyy'), 0, 1, null, null, 1, null, null, null, null, null, null, null, null, null, 33, null, null, null, null, null, 0, null, null, '984464204');
insert into APL_REDESIM_EXP.TAB_SOCIOS (TSO_ID, TSO_TCC_ID, TSO_NOME, TSO_CODPAIS, TSO_CPF_CNPJ, TSO_CEP, TSO_ENDERECO, TSO_NUMERO, TSO_COMPLEMENTO, TSO_BAIRRO, TSO_EMAIL, TSO_DDDTEL, TSO_DDDFAX, TSO_FAX, TSO_ESTADOCIVIL, TSO_DTNASCIMENTO, TSO_SEXO, TSO_IDENTIDADE, TSO_ORGAOEMISSOR, TSO_UFEMISSOR, TSO_CODMUNICIPIO, TSO_DTINICIOMANDATO, TSO_DTFIMMANDATO, TSO_SEQTIPQUALIFICACAO, TSO_NOMEMAE, TSO_DTSAIDASOCIEDADE, TSO_DTENTRADASOCIEDADE, TSO_VALORPARTICIPACAO, TSO_TIPOPESSOA, TSO_EMANCIPADO, TSO_MOTIVOEMANCIPACAO, TSO_TIPODOCUMENTO, TSO_NOMEPAI, TSO_NIRE, TSO_REGCARTORIO, TSO_ANOREGCARTORIO, TSO_NUMCARTORIO, TSO_NOMECOMARCA, TSO_NACIONALIDADE, TSO_MUNICIPIONATURALIDADE, TSO_UFNATURALIDADE, TSO_TIPOLOGRADOURO, TSO_CAIXAPOSTAL, TSO_REGIMEBENS, TSO_DOCORGAOEMISSOR, TSO_DTDOCEMISSAO, TSO_PRAZOINDETERMINADO, TSO_PERCPARTICIPACAO, TSO_CARGOADMINISTRADOR, TSO_CPFCNPJREPRESENTADO, TSO_TELEFONE)
values (354802, 204691, 'JOSE JELISON SILVA DO NASCIMENTO', null, 2265635375, null, 'DOUTOR RAMOS', '538', null, 'BARRA', null, null, null, null, null, to_date('18-10-1986', 'dd-mm-yyyy'), 'M', '0253184120038', 'SESP', 'MA', 211250, to_date('01-12-2019', 'dd-mm-yyyy'), null, 801, 'MARIA ALICE SILVA DO NASCIMENTO', null, to_date('01-12-2019', 'dd-mm-yyyy'), 0, 1, null, null, 1, null, null, null, null, null, null, null, null, null, 33, null, null, null, null, null, 0, null, null, '984541260');
insert into APL_REDESIM_EXP.TAB_SOCIOS (TSO_ID, TSO_TCC_ID, TSO_NOME, TSO_CODPAIS, TSO_CPF_CNPJ, TSO_CEP, TSO_ENDERECO, TSO_NUMERO, TSO_COMPLEMENTO, TSO_BAIRRO, TSO_EMAIL, TSO_DDDTEL, TSO_DDDFAX, TSO_FAX, TSO_ESTADOCIVIL, TSO_DTNASCIMENTO, TSO_SEXO, TSO_IDENTIDADE, TSO_ORGAOEMISSOR, TSO_UFEMISSOR, TSO_CODMUNICIPIO, TSO_DTINICIOMANDATO, TSO_DTFIMMANDATO, TSO_SEQTIPQUALIFICACAO, TSO_NOMEMAE, TSO_DTSAIDASOCIEDADE, TSO_DTENTRADASOCIEDADE, TSO_VALORPARTICIPACAO, TSO_TIPOPESSOA, TSO_EMANCIPADO, TSO_MOTIVOEMANCIPACAO, TSO_TIPODOCUMENTO, TSO_NOMEPAI, TSO_NIRE, TSO_REGCARTORIO, TSO_ANOREGCARTORIO, TSO_NUMCARTORIO, TSO_NOMECOMARCA, TSO_NACIONALIDADE, TSO_MUNICIPIONATURALIDADE, TSO_UFNATURALIDADE, TSO_TIPOLOGRADOURO, TSO_CAIXAPOSTAL, TSO_REGIMEBENS, TSO_DOCORGAOEMISSOR, TSO_DTDOCEMISSAO, TSO_PRAZOINDETERMINADO, TSO_PERCPARTICIPACAO, TSO_CARGOADMINISTRADOR, TSO_CPFCNPJREPRESENTADO, TSO_TELEFONE)
values (354833, 204720, 'BRENDDA DE OLIVEIRA MOTA BERTOLDO', null, 60451071360, null, 'RUA RAIMUNDO BRAZ', 'S/N', 'CASA', 'CENTRO', null, null, null, null, null, to_date('24-11-1994', 'dd-mm-yyyy'), 'F', '0379579020099', 'SSP', 'MA', 210275, to_date('30-11-2019', 'dd-mm-yyyy'), null, 801, 'ROSA DALIA DE OLIVEIRA', null, to_date('30-11-2019', 'dd-mm-yyyy'), 0, 1, null, null, 1, null, null, null, null, null, null, null, null, null, 212, null, null, null, null, null, 0, null, null, '991816876');
insert into APL_REDESIM_EXP.TAB_SOCIOS (TSO_ID, TSO_TCC_ID, TSO_NOME, TSO_CODPAIS, TSO_CPF_CNPJ, TSO_CEP, TSO_ENDERECO, TSO_NUMERO, TSO_COMPLEMENTO, TSO_BAIRRO, TSO_EMAIL, TSO_DDDTEL, TSO_DDDFAX, TSO_FAX, TSO_ESTADOCIVIL, TSO_DTNASCIMENTO, TSO_SEXO, TSO_IDENTIDADE, TSO_ORGAOEMISSOR, TSO_UFEMISSOR, TSO_CODMUNICIPIO, TSO_DTINICIOMANDATO, TSO_DTFIMMANDATO, TSO_SEQTIPQUALIFICACAO, TSO_NOMEMAE, TSO_DTSAIDASOCIEDADE, TSO_DTENTRADASOCIEDADE, TSO_VALORPARTICIPACAO, TSO_TIPOPESSOA, TSO_EMANCIPADO, TSO_MOTIVOEMANCIPACAO, TSO_TIPODOCUMENTO, TSO_NOMEPAI, TSO_NIRE, TSO_REGCARTORIO, TSO_ANOREGCARTORIO, TSO_NUMCARTORIO, TSO_NOMECOMARCA, TSO_NACIONALIDADE, TSO_MUNICIPIONATURALIDADE, TSO_UFNATURALIDADE, TSO_TIPOLOGRADOURO, TSO_CAIXAPOSTAL, TSO_REGIMEBENS, TSO_DOCORGAOEMISSOR, TSO_DTDOCEMISSAO, TSO_PRAZOINDETERMINADO, TSO_PERCPARTICIPACAO, TSO_CARGOADMINISTRADOR, TSO_CPFCNPJREPRESENTADO, TSO_TELEFONE)
values (354865, 204739, 'ANTONIO SOUSA DA SILVA', null, 47190566287, null, 'DA UNIAO', 'A01', 'CONJ 01 A', 'SANTA EFIGENIA', null, null, null, null, null, to_date('29-08-1969', 'dd-mm-yyyy'), 'M', '0566122960', '15062001', 'MA', 211130, to_date('01-12-2019', 'dd-mm-yyyy'), null, 801, 'MARIA JOSE DA CONCEICAO SOUSA', null, to_date('01-12-2019', 'dd-mm-yyyy'), 0, 1, null, null, 1, null, null, null, null, null, null, null, null, null, 33, null, null, null, null, null, 0, null, null, '984256442');
insert into APL_REDESIM_EXP.TAB_SOCIOS (TSO_ID, TSO_TCC_ID, TSO_NOME, TSO_CODPAIS, TSO_CPF_CNPJ, TSO_CEP, TSO_ENDERECO, TSO_NUMERO, TSO_COMPLEMENTO, TSO_BAIRRO, TSO_EMAIL, TSO_DDDTEL, TSO_DDDFAX, TSO_FAX, TSO_ESTADOCIVIL, TSO_DTNASCIMENTO, TSO_SEXO, TSO_IDENTIDADE, TSO_ORGAOEMISSOR, TSO_UFEMISSOR, TSO_CODMUNICIPIO, TSO_DTINICIOMANDATO, TSO_DTFIMMANDATO, TSO_SEQTIPQUALIFICACAO, TSO_NOMEMAE, TSO_DTSAIDASOCIEDADE, TSO_DTENTRADASOCIEDADE, TSO_VALORPARTICIPACAO, TSO_TIPOPESSOA, TSO_EMANCIPADO, TSO_MOTIVOEMANCIPACAO, TSO_TIPODOCUMENTO, TSO_NOMEPAI, TSO_NIRE, TSO_REGCARTORIO, TSO_ANOREGCARTORIO, TSO_NUMCARTORIO, TSO_NOMECOMARCA, TSO_NACIONALIDADE, TSO_MUNICIPIONATURALIDADE, TSO_UFNATURALIDADE, TSO_TIPOLOGRADOURO, TSO_CAIXAPOSTAL, TSO_REGIMEBENS, TSO_DOCORGAOEMISSOR, TSO_DTDOCEMISSAO, TSO_PRAZOINDETERMINADO, TSO_PERCPARTICIPACAO, TSO_CARGOADMINISTRADOR, TSO_CPFCNPJREPRESENTADO, TSO_TELEFONE)
values (354912, 204771, 'ISNAEL DO NASCIMENTO SILVA', null, 60691733333, null, 'RUA DR. JOSE FALCAO', 'S/N', 'GALPAO', 'CENTRO', null, null, null, null, null, to_date('01-09-1993', 'dd-mm-yyyy'), 'M', '0409124320105', 'SSP', 'MA', 210560, to_date('01-12-2019', 'dd-mm-yyyy'), null, 801, 'RAIMUNDA DO NASCIMENTO SILVA', null, to_date('01-12-2019', 'dd-mm-yyyy'), 0, 1, null, null, 1, null, null, null, null, null, null, null, null, null, 208, null, null, null, null, null, 0, null, null, '984296170');
insert into APL_REDESIM_EXP.TAB_SOCIOS (TSO_ID, TSO_TCC_ID, TSO_NOME, TSO_CODPAIS, TSO_CPF_CNPJ, TSO_CEP, TSO_ENDERECO, TSO_NUMERO, TSO_COMPLEMENTO, TSO_BAIRRO, TSO_EMAIL, TSO_DDDTEL, TSO_DDDFAX, TSO_FAX, TSO_ESTADOCIVIL, TSO_DTNASCIMENTO, TSO_SEXO, TSO_IDENTIDADE, TSO_ORGAOEMISSOR, TSO_UFEMISSOR, TSO_CODMUNICIPIO, TSO_DTINICIOMANDATO, TSO_DTFIMMANDATO, TSO_SEQTIPQUALIFICACAO, TSO_NOMEMAE, TSO_DTSAIDASOCIEDADE, TSO_DTENTRADASOCIEDADE, TSO_VALORPARTICIPACAO, TSO_TIPOPESSOA, TSO_EMANCIPADO, TSO_MOTIVOEMANCIPACAO, TSO_TIPODOCUMENTO, TSO_NOMEPAI, TSO_NIRE, TSO_REGCARTORIO, TSO_ANOREGCARTORIO, TSO_NUMCARTORIO, TSO_NOMECOMARCA, TSO_NACIONALIDADE, TSO_MUNICIPIONATURALIDADE, TSO_UFNATURALIDADE, TSO_TIPOLOGRADOURO, TSO_CAIXAPOSTAL, TSO_REGIMEBENS, TSO_DOCORGAOEMISSOR, TSO_DTDOCEMISSAO, TSO_PRAZOINDETERMINADO, TSO_PERCPARTICIPACAO, TSO_CARGOADMINISTRADOR, TSO_CPFCNPJREPRESENTADO, TSO_TELEFONE)
values (354942, 204797, 'MARCIO FELIPE DE OLIVEIRA', 105, 1352697335, '64083010', 'Um', '1945', 'BLOCO B 5 APTO 14', 'Colorado', 'CONSTECCONTABILIDADE@HOTMAIL.COM', 86, null, null, 'SOLTEIRO(A)', to_date('27-01-1986', 'dd-mm-yyyy'), 'M', '1650986', 'SSP', 'PI', 221100, to_date('01-12-2019', 'dd-mm-yyyy'), null, 801, 'MARIA DE JESUS BRAGA DE OLIVEIRA', null, to_date('01-12-2019', 'dd-mm-yyyy'), 0, 1, null, null, 1, 'FRANCISCO PEREIRA DE OLIVEIRA', null, null, null, null, null, 'BRASILEIRA', 220220, null, 33, null, null, null, null, null, 0, null, null, '32213422');
insert into APL_REDESIM_EXP.TAB_SOCIOS (TSO_ID, TSO_TCC_ID, TSO_NOME, TSO_CODPAIS, TSO_CPF_CNPJ, TSO_CEP, TSO_ENDERECO, TSO_NUMERO, TSO_COMPLEMENTO, TSO_BAIRRO, TSO_EMAIL, TSO_DDDTEL, TSO_DDDFAX, TSO_FAX, TSO_ESTADOCIVIL, TSO_DTNASCIMENTO, TSO_SEXO, TSO_IDENTIDADE, TSO_ORGAOEMISSOR, TSO_UFEMISSOR, TSO_CODMUNICIPIO, TSO_DTINICIOMANDATO, TSO_DTFIMMANDATO, TSO_SEQTIPQUALIFICACAO, TSO_NOMEMAE, TSO_DTSAIDASOCIEDADE, TSO_DTENTRADASOCIEDADE, TSO_VALORPARTICIPACAO, TSO_TIPOPESSOA, TSO_EMANCIPADO, TSO_MOTIVOEMANCIPACAO, TSO_TIPODOCUMENTO, TSO_NOMEPAI, TSO_NIRE, TSO_REGCARTORIO, TSO_ANOREGCARTORIO, TSO_NUMCARTORIO, TSO_NOMECOMARCA, TSO_NACIONALIDADE, TSO_MUNICIPIONATURALIDADE, TSO_UFNATURALIDADE, TSO_TIPOLOGRADOURO, TSO_CAIXAPOSTAL, TSO_REGIMEBENS, TSO_DOCORGAOEMISSOR, TSO_DTDOCEMISSAO, TSO_PRAZOINDETERMINADO, TSO_PERCPARTICIPACAO, TSO_CARGOADMINISTRADOR, TSO_CPFCNPJREPRESENTADO, TSO_TELEFONE)
values (354959, 204806, 'LUZINETE DOS SANTOS PEREIRA', null, 2071842324, null, 'AGOSTINHO REIS', '38', null, 'APEADOURO', null, null, null, null, null, to_date('25-08-1981', 'dd-mm-yyyy'), 'F', '0160883720000', 'SSP', 'MA', 211130, to_date('01-12-2019', 'dd-mm-yyyy'), null, 801, 'MARIA DO SOCORRO RODRIGUES DOS SANTOS', null, to_date('01-12-2019', 'dd-mm-yyyy'), 0, 1, null, null, 1, null, null, null, null, null, null, null, null, null, 33, null, null, null, null, null, 0, null, null, '987157227');
insert into APL_REDESIM_EXP.TAB_SOCIOS (TSO_ID, TSO_TCC_ID, TSO_NOME, TSO_CODPAIS, TSO_CPF_CNPJ, TSO_CEP, TSO_ENDERECO, TSO_NUMERO, TSO_COMPLEMENTO, TSO_BAIRRO, TSO_EMAIL, TSO_DDDTEL, TSO_DDDFAX, TSO_FAX, TSO_ESTADOCIVIL, TSO_DTNASCIMENTO, TSO_SEXO, TSO_IDENTIDADE, TSO_ORGAOEMISSOR, TSO_UFEMISSOR, TSO_CODMUNICIPIO, TSO_DTINICIOMANDATO, TSO_DTFIMMANDATO, TSO_SEQTIPQUALIFICACAO, TSO_NOMEMAE, TSO_DTSAIDASOCIEDADE, TSO_DTENTRADASOCIEDADE, TSO_VALORPARTICIPACAO, TSO_TIPOPESSOA, TSO_EMANCIPADO, TSO_MOTIVOEMANCIPACAO, TSO_TIPODOCUMENTO, TSO_NOMEPAI, TSO_NIRE, TSO_REGCARTORIO, TSO_ANOREGCARTORIO, TSO_NUMCARTORIO, TSO_NOMECOMARCA, TSO_NACIONALIDADE, TSO_MUNICIPIONATURALIDADE, TSO_UFNATURALIDADE, TSO_TIPOLOGRADOURO, TSO_CAIXAPOSTAL, TSO_REGIMEBENS, TSO_DOCORGAOEMISSOR, TSO_DTDOCEMISSAO, TSO_PRAZOINDETERMINADO, TSO_PERCPARTICIPACAO, TSO_CARGOADMINISTRADOR, TSO_CPFCNPJREPRESENTADO, TSO_TELEFONE)
values (354973, 204818, 'MARIA OSMILDA AGUIAR COSTA', null, 29433261860, null, 'ADAMASTOR OLIVEIRA', '1118', null, 'PARQUE ALVORADA', null, null, null, null, null, to_date('05-05-1977', 'dd-mm-yyyy'), 'F', '1714533', 'SSP', 'PI', 211220, to_date('01-12-2019', 'dd-mm-yyyy'), null, 801, 'ROSANIRA CLOTILDE LINHARES AGUIAR', null, to_date('01-12-2019', 'dd-mm-yyyy'), 0, 1, null, null, 1, null, null, null, null, null, null, null, null, null, 33, null, null, null, null, null, 0, null, null, '988299389');
insert into APL_REDESIM_EXP.TAB_SOCIOS (TSO_ID, TSO_TCC_ID, TSO_NOME, TSO_CODPAIS, TSO_CPF_CNPJ, TSO_CEP, TSO_ENDERECO, TSO_NUMERO, TSO_COMPLEMENTO, TSO_BAIRRO, TSO_EMAIL, TSO_DDDTEL, TSO_DDDFAX, TSO_FAX, TSO_ESTADOCIVIL, TSO_DTNASCIMENTO, TSO_SEXO, TSO_IDENTIDADE, TSO_ORGAOEMISSOR, TSO_UFEMISSOR, TSO_CODMUNICIPIO, TSO_DTINICIOMANDATO, TSO_DTFIMMANDATO, TSO_SEQTIPQUALIFICACAO, TSO_NOMEMAE, TSO_DTSAIDASOCIEDADE, TSO_DTENTRADASOCIEDADE, TSO_VALORPARTICIPACAO, TSO_TIPOPESSOA, TSO_EMANCIPADO, TSO_MOTIVOEMANCIPACAO, TSO_TIPODOCUMENTO, TSO_NOMEPAI, TSO_NIRE, TSO_REGCARTORIO, TSO_ANOREGCARTORIO, TSO_NUMCARTORIO, TSO_NOMECOMARCA, TSO_NACIONALIDADE, TSO_MUNICIPIONATURALIDADE, TSO_UFNATURALIDADE, TSO_TIPOLOGRADOURO, TSO_CAIXAPOSTAL, TSO_REGIMEBENS, TSO_DOCORGAOEMISSOR, TSO_DTDOCEMISSAO, TSO_PRAZOINDETERMINADO, TSO_PERCPARTICIPACAO, TSO_CARGOADMINISTRADOR, TSO_CPFCNPJREPRESENTADO, TSO_TELEFONE)
values (355007, 204845, 'CLAUDIO ROBERTO PEREIRA LICAR', null, 60735803390, null, '07 QUADRA 05', '28', 'CONJ', 'VILA EPITACIO CAFETERIA', null, null, null, null, null, to_date('13-02-1993', 'dd-mm-yyyy'), 'M', '0414077720110', 'SSP', 'MA', 210750, to_date('30-11-2019', 'dd-mm-yyyy'), null, 801, 'ROSA MARIA RABELO PEREIRA LICAR', null, to_date('30-11-2019', 'dd-mm-yyyy'), 0, 1, null, null, 1, null, null, null, null, null, null, null, null, null, 33, null, null, null, null, null, 0, null, null, '991761004');
insert into APL_REDESIM_EXP.TAB_SOCIOS (TSO_ID, TSO_TCC_ID, TSO_NOME, TSO_CODPAIS, TSO_CPF_CNPJ, TSO_CEP, TSO_ENDERECO, TSO_NUMERO, TSO_COMPLEMENTO, TSO_BAIRRO, TSO_EMAIL, TSO_DDDTEL, TSO_DDDFAX, TSO_FAX, TSO_ESTADOCIVIL, TSO_DTNASCIMENTO, TSO_SEXO, TSO_IDENTIDADE, TSO_ORGAOEMISSOR, TSO_UFEMISSOR, TSO_CODMUNICIPIO, TSO_DTINICIOMANDATO, TSO_DTFIMMANDATO, TSO_SEQTIPQUALIFICACAO, TSO_NOMEMAE, TSO_DTSAIDASOCIEDADE, TSO_DTENTRADASOCIEDADE, TSO_VALORPARTICIPACAO, TSO_TIPOPESSOA, TSO_EMANCIPADO, TSO_MOTIVOEMANCIPACAO, TSO_TIPODOCUMENTO, TSO_NOMEPAI, TSO_NIRE, TSO_REGCARTORIO, TSO_ANOREGCARTORIO, TSO_NUMCARTORIO, TSO_NOMECOMARCA, TSO_NACIONALIDADE, TSO_MUNICIPIONATURALIDADE, TSO_UFNATURALIDADE, TSO_TIPOLOGRADOURO, TSO_CAIXAPOSTAL, TSO_REGIMEBENS, TSO_DOCORGAOEMISSOR, TSO_DTDOCEMISSAO, TSO_PRAZOINDETERMINADO, TSO_PERCPARTICIPACAO, TSO_CARGOADMINISTRADOR, TSO_CPFCNPJREPRESENTADO, TSO_TELEFONE)
values (355011, 204849, 'JOSE RAIMUNDO DE ALMEIDA SILVA', null, 94937206249, null, 'CENTRAL', '1341A', null, 'TRIZIDELA', null, null, null, null, null, to_date('20-06-1987', 'dd-mm-yyyy'), 'M', '5700114', 'PC', 'PA', 210360, to_date('01-12-2019', 'dd-mm-yyyy'), null, 801, 'ANTONIA LOPES DE ALMEIDA DA SILVA', null, to_date('01-12-2019', 'dd-mm-yyyy'), 0, 1, null, null, 1, null, null, null, null, null, null, null, null, null, 4, null, null, null, null, null, 0, null, null, '984054514');
commit;
prompt 13 records loaded
prompt Enabling triggers for APL_REDESIM_EXP.TAB_ARQUIVO...
alter table APL_REDESIM_EXP.TAB_ARQUIVO enable all triggers;
prompt Enabling triggers for APL_REDESIM_EXP.TAB_SOLICITACAO...
alter table APL_REDESIM_EXP.TAB_SOLICITACAO enable all triggers;
prompt Enabling triggers for APL_REDESIM_EXP.TAB_ATIVIDADE_ECONOMICA...
alter table APL_REDESIM_EXP.TAB_ATIVIDADE_ECONOMICA enable all triggers;
prompt Enabling triggers for APL_REDESIM_EXP.TAB_CONTADOR...
alter table APL_REDESIM_EXP.TAB_CONTADOR enable all triggers;
prompt Enabling triggers for APL_REDESIM_EXP.TAB_EMPRESA...
alter table APL_REDESIM_EXP.TAB_EMPRESA enable all triggers;
prompt Enabling triggers for APL_REDESIM_EXP.TAB_EMPRESA_ENDERECO...
alter table APL_REDESIM_EXP.TAB_EMPRESA_ENDERECO enable all triggers;
prompt Enabling triggers for APL_REDESIM_EXP.TAB_EVENTO...
alter table APL_REDESIM_EXP.TAB_EVENTO enable all triggers;
prompt Enabling triggers for APL_REDESIM_EXP.TAB_FORMA_ATUACAO...
alter table APL_REDESIM_EXP.TAB_FORMA_ATUACAO enable all triggers;
prompt Enabling triggers for APL_REDESIM_EXP.TAB_SOCIOS...
alter table APL_REDESIM_EXP.TAB_SOCIOS enable all triggers;
set feedback on
set define on
prompt Done.
