prompt PL/SQL Developer import file
prompt Created on quinta-feira, 19 de dezembro de 2019 by 874949
set feedback off
set define off
prompt Creating TAXMAOC_EXP.RUC_CNAE_FISCAL...
create table TAXMAOC_EXP.RUC_CNAE_FISCAL
(
  RCF_RGE_RUC         NUMBER(14) not null,
  RCF_TCF_CODIGO_CNAE NUMBER(10) not null,
  RCF_TIPO_CNAE       VARCHAR2(2),
  RCF_CGC_CPF         NUMBER(14),
  RCF_DATA_ULT_ALT    DATE
)
cache;
comment on table TAXMAOC_EXP.RUC_CNAE_FISCAL
  is 'Tabela de Atividades Econômicas de um Contribuinte';
comment on column TAXMAOC_EXP.RUC_CNAE_FISCAL.RCF_RGE_RUC
  is 'Inscrição do Contribuintes';
comment on column TAXMAOC_EXP.RUC_CNAE_FISCAL.RCF_TCF_CODIGO_CNAE
  is 'Código CNAE';
comment on column TAXMAOC_EXP.RUC_CNAE_FISCAL.RCF_TIPO_CNAE
  is 'Tipo do CNAE ( 1-Primário,2-Secundário, 3- Terciário)';
comment on column TAXMAOC_EXP.RUC_CNAE_FISCAL.RCF_CGC_CPF
  is 'CPF/CGC do Contribuinte';
alter table TAXMAOC_EXP.RUC_CNAE_FISCAL
  add constraint PK_RUC_CNAE_FISCAL primary key (RCF_RGE_RUC, RCF_TCF_CODIGO_CNAE);
alter table TAXMAOC_EXP.RUC_CNAE_FISCAL
  add constraint UN_TIPO_CNAE_FISCAL unique (RCF_RGE_RUC, RCF_TIPO_CNAE)
  deferrable initially deferred;
create index TAXMAOC_EXP.IDX_RUC_CNAE_FISCAL_01 on TAXMAOC_EXP.RUC_CNAE_FISCAL (RCF_TCF_CODIGO_CNAE);
create index TAXMAOC_EXP.IDX_RUC_CNAE_FISCAL_05 on TAXMAOC_EXP.RUC_CNAE_FISCAL (RCF_CGC_CPF, RCF_TCF_CODIGO_CNAE, RCF_TIPO_CNAE);
create index TAXMAOC_EXP.IND_RUC_CNAE_FISCAL_04 on TAXMAOC_EXP.RUC_CNAE_FISCAL (RCF_TIPO_CNAE, RCF_TCF_CODIGO_CNAE, RCF_RGE_RUC);

prompt Creating TAXMAOC_EXP.RUC_DESABILITADOS...
create table TAXMAOC_EXP.RUC_DESABILITADOS
(
  TRD_RUC          NUMBER(14) not null,
  TRD_MOTIVO       NUMBER(2) not null,
  TRD_DT_INICIO    DATE not null,
  TRD_DT_FIM       DATE,
  TRD_USR_INCLUSAO VARCHAR2(11),
  TRD_USR_EXCLUSAO VARCHAR2(11),
  TRD_OBS          VARCHAR2(200 CHAR)
)
cache;
comment on column TAXMAOC_EXP.RUC_DESABILITADOS.TRD_MOTIVO
  is 'tab_generica 47';
alter table TAXMAOC_EXP.RUC_DESABILITADOS
  add constraint PK_RUC_DESABILITADOS primary key (TRD_RUC, TRD_MOTIVO, TRD_DT_INICIO);

prompt Creating TAXMAOC_EXP.RUC_ESTABLECIMIENTOS...
create table TAXMAOC_EXP.RUC_ESTABLECIMIENTOS
(
  RES_RUC_ESTABLECIMIENTO NUMBER(14) not null,
  RES_NOM_ESTABLECIMIENTO VARCHAR2(200) not null,
  RES_TTL_TIP_LOGRADORO   VARCHAR2(5),
  RES_DIRECCION           VARCHAR2(60),
  RES_NUMERO              VARCHAR2(8),
  RES_NUM_APTO_OFIC       VARCHAR2(160),
  RES_REFERENCIA          VARCHAR2(200),
  RES_URBANIZACION        VARCHAR2(50),
  RES_CIUDAD              VARCHAR2(60),
  RES_CAJ_POSTAL          VARCHAR2(8),
  RES_ZONA_CAJ_POSTAL     VARCHAR2(8),
  RES_COR_ELECTRONICO     VARCHAR2(60),
  RES_TES_COD_ESTADO      VARCHAR2(2),
  RES_ZONA_POSTAL         VARCHAR2(10),
  RES_DDD_FAX             NUMBER(5),
  RES_FAX                 VARCHAR2(10),
  RES_DDD_TELEFONO        NUMBER(5),
  RES_TELEFONO            VARCHAR2(10),
  RES_IDE_ESTABLECIMIENTO VARCHAR2(14) not null,
  RES_TIP_ESTABLECIMIENTO NUMBER(1) not null,
  RES_FEC_ACTUALIZACION   DATE,
  RES_TMU_COD_MUNICIPIO   NUMBER(7),
  RES_TAB_COD_UNIDAD      NUMBER(2),
  RES_TUS_COD_USUARIO     VARCHAR2(20),
  RES_UNIDADE_CONSUMIDORA VARCHAR2(18),
  RES_DATA_ULT_ALT        DATE,
  RES_LATITUDE            NUMBER(13,10),
  RES_LONGITUDE           NUMBER(13,10)
)
cache;
comment on table TAXMAOC_EXP.RUC_ESTABLECIMIENTOS
  is 'Armazena dados do domicílio fiscal do contribuinte';
comment on column TAXMAOC_EXP.RUC_ESTABLECIMIENTOS.RES_RUC_ESTABLECIMIENTO
  is 'Inscrição Estadual';
comment on column TAXMAOC_EXP.RUC_ESTABLECIMIENTOS.RES_NOM_ESTABLECIMIENTO
  is 'Razão social';
comment on column TAXMAOC_EXP.RUC_ESTABLECIMIENTOS.RES_TTL_TIP_LOGRADORO
  is 'Tipo do logradouro';
comment on column TAXMAOC_EXP.RUC_ESTABLECIMIENTOS.RES_DIRECCION
  is 'Nome do logradouro';
comment on column TAXMAOC_EXP.RUC_ESTABLECIMIENTOS.RES_NUMERO
  is 'Número';
comment on column TAXMAOC_EXP.RUC_ESTABLECIMIENTOS.RES_NUM_APTO_OFIC
  is 'Complemento';
comment on column TAXMAOC_EXP.RUC_ESTABLECIMIENTOS.RES_REFERENCIA
  is 'Ponto de referência';
comment on column TAXMAOC_EXP.RUC_ESTABLECIMIENTOS.RES_URBANIZACION
  is 'Bairro';
comment on column TAXMAOC_EXP.RUC_ESTABLECIMIENTOS.RES_CIUDAD
  is 'Cidade';
comment on column TAXMAOC_EXP.RUC_ESTABLECIMIENTOS.RES_CAJ_POSTAL
  is 'CEP';
comment on column TAXMAOC_EXP.RUC_ESTABLECIMIENTOS.RES_COR_ELECTRONICO
  is 'Email';
comment on column TAXMAOC_EXP.RUC_ESTABLECIMIENTOS.RES_TES_COD_ESTADO
  is 'UF';
comment on column TAXMAOC_EXP.RUC_ESTABLECIMIENTOS.RES_DDD_FAX
  is 'DDD Fax';
comment on column TAXMAOC_EXP.RUC_ESTABLECIMIENTOS.RES_FAX
  is 'Número Fax';
comment on column TAXMAOC_EXP.RUC_ESTABLECIMIENTOS.RES_DDD_TELEFONO
  is 'DDD Telefone';
comment on column TAXMAOC_EXP.RUC_ESTABLECIMIENTOS.RES_TELEFONO
  is 'Número Telefone';
comment on column TAXMAOC_EXP.RUC_ESTABLECIMIENTOS.RES_FEC_ACTUALIZACION
  is 'Data de atualização dos dados';
comment on column TAXMAOC_EXP.RUC_ESTABLECIMIENTOS.RES_TMU_COD_MUNICIPIO
  is 'Código do município (ver tab_municipios.tmu_cod_municipio)';
comment on column TAXMAOC_EXP.RUC_ESTABLECIMIENTOS.RES_TAB_COD_UNIDAD
  is 'Código da unidade (ver tab_agencia_regional)';
comment on column TAXMAOC_EXP.RUC_ESTABLECIMIENTOS.RES_LATITUDE
  is 'Latitude';
comment on column TAXMAOC_EXP.RUC_ESTABLECIMIENTOS.RES_LONGITUDE
  is 'Longitude';
alter table TAXMAOC_EXP.RUC_ESTABLECIMIENTOS
  add constraint PK_RUC_ESTABLECIMIENTOS primary key (RES_RUC_ESTABLECIMIENTO);
create index TAXMAOC_EXP.IDX_RUC_ESTABLECIMIENTOS_01 on TAXMAOC_EXP.RUC_ESTABLECIMIENTOS (RES_NOM_ESTABLECIMIENTO);
create index TAXMAOC_EXP.IDX_RUC_ESTABLECIMIENTOS_02 on TAXMAOC_EXP.RUC_ESTABLECIMIENTOS (RES_DIRECCION);
create index TAXMAOC_EXP.IDX_RUC_ESTABLECIMIENTOS_03 on TAXMAOC_EXP.RUC_ESTABLECIMIENTOS (RES_TTL_TIP_LOGRADORO);
create index TAXMAOC_EXP.IDX_RUC_ESTABLECIMIENTOS_04 on TAXMAOC_EXP.RUC_ESTABLECIMIENTOS (RES_TMU_COD_MUNICIPIO);
create index TAXMAOC_EXP.IDX_RUC_ESTABLECIMIENTOS_05 on TAXMAOC_EXP.RUC_ESTABLECIMIENTOS (RES_URBANIZACION);

prompt Creating TAXMAOC_EXP.RUC_GENERAL...
create table TAXMAOC_EXP.RUC_GENERAL
(
  RGE_RUC                  NUMBER(14) not null,
  RGE_NOMBRE               VARCHAR2(200) not null,
  RGE_TIP_PERSONA          NUMBER(1) not null,
  RGE_NACIONALIDAD         NUMBER(1),
  RGE_DOMICILIADO_PAIS     NUMBER(1),
  RGE_TAB_COD_UNIDAD       NUMBER(2),
  RGE_TAE_COD_ACTIVIDAD    NUMBER(8),
  RGE_MES_CIERRE_ACT       NUMBER(2),
  RGE_TIP_BAJA             NUMBER(2),
  RGE_NOT_ELECTRONICA      VARCHAR2(1),
  RGE_CGC_CPF              NUMBER(14) not null,
  RGE_RUC_CONDICION        NUMBER(2) not null,
  RGE_TMU_COD_MUNICIPIO    NUMBER(7) not null,
  RGE_TCO_CONDICION_PAGO   NUMBER(2),
  RGE_TSC_SIT_CADASTRAL    NUMBER(2) not null,
  RGE_OPT_SIMPLIFICADO     VARCHAR2(1),
  RGE_FEC_ACTUALIZACION    DATE,
  RGE_REGIMEN_ESPECIAL     NUMBER(2),
  RGE_IND_SUBST_TRIBUT     NUMBER(1),
  RGE_TUS_COD_USUARIO      VARCHAR2(20),
  RGE_VAL_ESTIMADO         NUMBER(14,2),
  RGE_REMISSO              NUMBER(1),
  RGE_IND_GRANDE_CONTRIB   NUMBER(1),
  RGE_RANK_ARRECADACAO     NUMBER(6),
  RGE_REGIME_ANTERIOR      NUMBER(1),
  RGE_TIPO_CADASTRO        NUMBER(1) not null,
  RGE_INSC_ESTADUAL        NUMBER(14),
  RGE_TRANSFERIDO_VIVANOTA NUMBER(1),
  RGE_SERASA               NUMBER(1),
  RGE_RUC_CENTRALIZADOR    NUMBER(14),
  RGE_DATA_ULT_ALT         DATE,
  RGE_DATA_SIT_CADASTRAL   DATE,
  RGE_NIVELCUMPRIMENTO     NUMBER(1),
  RGE_ORIGEM_CAD           NUMBER(2)
)
cache;
comment on table TAXMAOC_EXP.RUC_GENERAL
  is 'Tabela com o cadastro dos contribuintes de ICMS, IPVA e ITCD, e os não contribuintes';
comment on column TAXMAOC_EXP.RUC_GENERAL.RGE_RUC
  is 'Inscrição Estadual do contribuinte';
comment on column TAXMAOC_EXP.RUC_GENERAL.RGE_NOMBRE
  is 'Razão social';
comment on column TAXMAOC_EXP.RUC_GENERAL.RGE_TIP_PERSONA
  is 'Tipo de pessoa: 1-física; 2-jurídica';
comment on column TAXMAOC_EXP.RUC_GENERAL.RGE_NACIONALIDAD
  is '1-brasileiro; 2-estrangeiro';
comment on column TAXMAOC_EXP.RUC_GENERAL.RGE_DOMICILIADO_PAIS
  is '1-Residente no país; 2-Residente fora do país';
comment on column TAXMAOC_EXP.RUC_GENERAL.RGE_TAB_COD_UNIDAD
  is 'UFRE do contribuinte';
comment on column TAXMAOC_EXP.RUC_GENERAL.RGE_TAE_COD_ACTIVIDAD
  is 'Código de atividade (antigo  CAE). Para CNAE fiscal, ver ruc_cnae_fiscal';
comment on column TAXMAOC_EXP.RUC_GENERAL.RGE_MES_CIERRE_ACT
  is 'Mês de fechamento anual';
comment on column TAXMAOC_EXP.RUC_GENERAL.RGE_TIP_BAJA
  is 'Tipo de baixa (tab_generica = 12)';
comment on column TAXMAOC_EXP.RUC_GENERAL.RGE_NOT_ELECTRONICA
  is 'Não usado';
comment on column TAXMAOC_EXP.RUC_GENERAL.RGE_CGC_CPF
  is 'CPF ou CNPJ do contribuinte';
comment on column TAXMAOC_EXP.RUC_GENERAL.RGE_RUC_CONDICION
  is 'Regime de pagamento (ver tab_cond_contribuyente.tco_cod_condicion)';
comment on column TAXMAOC_EXP.RUC_GENERAL.RGE_TMU_COD_MUNICIPIO
  is 'Código do município do contribuinte';
comment on column TAXMAOC_EXP.RUC_GENERAL.RGE_TCO_CONDICION_PAGO
  is 'Situação fiscal: 1-habilitado; 2-desabilitado';
comment on column TAXMAOC_EXP.RUC_GENERAL.RGE_TSC_SIT_CADASTRAL
  is 'Situação cadastral (ver tab_sit_cadastral.tsc_cod_situacion)';
comment on column TAXMAOC_EXP.RUC_GENERAL.RGE_OPT_SIMPLIFICADO
  is 'Contribuinte optante do regime simplificado';
comment on column TAXMAOC_EXP.RUC_GENERAL.RGE_FEC_ACTUALIZACION
  is 'Data da última atualização cadastral';
comment on column TAXMAOC_EXP.RUC_GENERAL.RGE_REGIMEN_ESPECIAL
  is 'Tipo do regime especial do contribuinte';
comment on column TAXMAOC_EXP.RUC_GENERAL.RGE_IND_SUBST_TRIBUT
  is '1-Substituto tributário; 2-Não substituto tributário';
comment on column TAXMAOC_EXP.RUC_GENERAL.RGE_TUS_COD_USUARIO
  is 'Código do usuário que efetuou a última alteração cadastral';
comment on column TAXMAOC_EXP.RUC_GENERAL.RGE_REMISSO
  is '1-Contribuinte remisso; NULL-Contribuinte não remisso';
comment on column TAXMAOC_EXP.RUC_GENERAL.RGE_IND_GRANDE_CONTRIB
  is '1-Grande contribuinte; NULL-Não é grande contribuinte; Critério usado pela Ag de Grandes Contribuintes.';
comment on column TAXMAOC_EXP.RUC_GENERAL.RGE_RANK_ARRECADACAO
  is 'Posição no rank de maiores arrecadadores do exercicio anterior. Ultimo exercicio usado: 2006';
comment on column TAXMAOC_EXP.RUC_GENERAL.RGE_TIPO_CADASTRO
  is 'Tipo de cadastro: 1-Contribuinte ICMS; 2-Contribuinte IPVA; 3-Não contribuinte';
comment on column TAXMAOC_EXP.RUC_GENERAL.RGE_INSC_ESTADUAL
  is 'Inscrição estadual do contribuinte. Igual ao campo rge_ruc caso seja contribuinte do ICMS';
comment on column TAXMAOC_EXP.RUC_GENERAL.RGE_TRANSFERIDO_VIVANOTA
  is 'Flag sinalizando se foi tranferido para a base do Viva Nova';
comment on column TAXMAOC_EXP.RUC_GENERAL.RGE_SERASA
  is 'Indica se o contribuinte está na serasa. 1 - serasa null - não está na serasa. ';
comment on column TAXMAOC_EXP.RUC_GENERAL.RGE_DATA_SIT_CADASTRAL
  is 'Data em que ocorreu a atual alteração da situação cadastral do contribuinte';
comment on column TAXMAOC_EXP.RUC_GENERAL.RGE_NIVELCUMPRIMENTO
  is '1 - ''BOM''; 2 - ''REGULAR''; 3 - ''MAU''';
comment on column TAXMAOC_EXP.RUC_GENERAL.RGE_ORIGEM_CAD
  is 'Generica 178';
alter table TAXMAOC_EXP.RUC_GENERAL
  add constraint PK_RUC_GENERAL primary key (RGE_RUC);
alter table TAXMAOC_EXP.RUC_GENERAL
  add constraint CK_CGC_CPF
  check (RGE_CGC_CPF>0);
alter table TAXMAOC_EXP.RUC_GENERAL
  add constraint CK_REMISSO
  check (RGE_REMISSO=1);
alter table TAXMAOC_EXP.RUC_GENERAL
  add constraint CK_TIPO_CADASTRO
  check (rge_tipo_cadastro in (1,2,3));
create index TAXMAOC_EXP.IDXF_RUC_GENERAL_06 on TAXMAOC_EXP.RUC_GENERAL (SUBSTR(LPAD(TO_CHAR(RGE_CGC_CPF),14,'0'),1,8));
create index TAXMAOC_EXP.IDX_RGE_RUC on TAXMAOC_EXP.RUC_GENERAL (RGE_RUC);
create index TAXMAOC_EXP.IDX_RUC_GENERAL_01 on TAXMAOC_EXP.RUC_GENERAL (RGE_NOMBRE);
create index TAXMAOC_EXP.IDX_RUC_GENERAL_02 on TAXMAOC_EXP.RUC_GENERAL (RGE_CGC_CPF);
create index TAXMAOC_EXP.IDX_RUC_GENERAL_03 on TAXMAOC_EXP.RUC_GENERAL (RGE_TAB_COD_UNIDAD);
create index TAXMAOC_EXP.IDX_RUC_GENERAL_04 on TAXMAOC_EXP.RUC_GENERAL (RGE_RUC, RGE_TMU_COD_MUNICIPIO);
create index TAXMAOC_EXP.IDX_RUC_GENERAL_05 on TAXMAOC_EXP.RUC_GENERAL (RGE_TSC_SIT_CADASTRAL);
create index TAXMAOC_EXP.IDX_RUC_GENERAL_07 on TAXMAOC_EXP.RUC_GENERAL (RGE_TIPO_CADASTRO);
create index TAXMAOC_EXP.IDX_RUC_GENERAL_08 on TAXMAOC_EXP.RUC_GENERAL (RGE_RUC_CENTRALIZADOR);

prompt Creating TAXMAOC_EXP.RUC_JURIDICOS...
create table TAXMAOC_EXP.RUC_JURIDICOS
(
  RJU_RUC_JURIDICO             NUMBER(14) not null,
  RJU_RAZON_SOCIAL             VARCHAR2(200),
  RJU_SIGLAS                   VARCHAR2(10),
  RJU_NOMBRE_COMERCIAL         VARCHAR2(200),
  RJU_FEC_CONSTITUCION         DATE,
  RJU_FEC_CIERRE_LIQUID        DATE,
  RJU_NUM_REG_MERCANTIL        VARCHAR2(25),
  RJU_DIVISAO_ADM_FISCAL       VARCHAR2(5),
  RJU_TIP_CLASE                NUMBER(1),
  RJU_TIP_SOCIEDAD             NUMBER(4),
  RJU_TTL_TIP_LOGRADORO        VARCHAR2(5),
  RJU_DIRECCION                VARCHAR2(500),
  RJU_NUMERO                   VARCHAR2(8),
  RJU_NUM_APTO_OFIC            VARCHAR2(160),
  RJU_REFERENCIA               VARCHAR2(200),
  RJU_URBANIZACION             VARCHAR2(50),
  RJU_CIUDAD                   VARCHAR2(60),
  RJU_CAJ_POSTAL               VARCHAR2(8),
  RJU_ZONA_CAJ_POSTAL          VARCHAR2(8),
  RJU_COR_ELECTRONICO          VARCHAR2(60),
  RJU_TES_COD_ESTADO           VARCHAR2(2),
  RJU_ZONA_POSTAL              VARCHAR2(10),
  RJU_DDD_TELEFONO             NUMBER(5),
  RJU_TELEFONO                 VARCHAR2(20),
  RJU_DDD_FAX                  NUMBER(5),
  RJU_FAX                      VARCHAR2(10),
  RJU_TIP_BAJA                 NUMBER(2),
  RJU_FEC_BAJA                 DATE,
  RJU_TAB_COD_UNIDAD_RECP      NUMBER(2),
  RJU_RUC_RECEPTOR_ACTIVO      NUMBER(14),
  RJU_FEC_INI_ACT_ECON         DATE,
  RJU_FEC_CIERRE_FISCAL        DATE,
  RJU_NUM_ESTABLECIMIENTOS     NUMBER(3),
  RJU_RRL_RUC_REPRESENTANTE    NUMBER(14),
  RJU_FEC_INCORPORACION        DATE,
  RJU_VAL_CAP_SOCIALES         NUMBER(15,2),
  RJU_ARE_UTI_ESTABLECIMIENTOS NUMBER(10),
  RJU_LICENCIA                 VARCHAR2(20),
  RJU_FEC_ACTUALIZACION        DATE,
  RJU_MOTIVO_BAJA              NUMBER(2),
  RJU_TAB_COD_UNIDAD           NUMBER(2),
  RJU_TUS_COD_USUARIO          VARCHAR2(20),
  RJU_DATA_ULT_ALT             DATE
)
cache;
comment on table TAXMAOC_EXP.RUC_JURIDICOS
  is 'Tabela de Contribuintes Jurídicos';
comment on column TAXMAOC_EXP.RUC_JURIDICOS.RJU_RUC_JURIDICO
  is 'Inscrição do Contribuinte';
comment on column TAXMAOC_EXP.RUC_JURIDICOS.RJU_RAZON_SOCIAL
  is 'Razão Social do Contribuinte';
comment on column TAXMAOC_EXP.RUC_JURIDICOS.RJU_SIGLAS
  is 'Não Utilizado';
comment on column TAXMAOC_EXP.RUC_JURIDICOS.RJU_NOMBRE_COMERCIAL
  is 'Nome Comercial';
comment on column TAXMAOC_EXP.RUC_JURIDICOS.RJU_FEC_CONSTITUCION
  is 'Data da Constituição da Empresa';
comment on column TAXMAOC_EXP.RUC_JURIDICOS.RJU_FEC_CIERRE_LIQUID
  is 'Data de Fechamento da Liquido';
comment on column TAXMAOC_EXP.RUC_JURIDICOS.RJU_NUM_REG_MERCANTIL
  is 'Número do Regime Mercantil';
comment on column TAXMAOC_EXP.RUC_JURIDICOS.RJU_DIVISAO_ADM_FISCAL
  is 'Número da Divisão de Adm. Fiscal';
comment on column TAXMAOC_EXP.RUC_JURIDICOS.RJU_TIP_CLASE
  is 'Tipo de Classe';
comment on column TAXMAOC_EXP.RUC_JURIDICOS.RJU_TIP_SOCIEDAD
  is 'Tipo de Sociedade';
comment on column TAXMAOC_EXP.RUC_JURIDICOS.RJU_TTL_TIP_LOGRADORO
  is 'Tipo de Logradouro';
comment on column TAXMAOC_EXP.RUC_JURIDICOS.RJU_DIRECCION
  is 'Endereço';
comment on column TAXMAOC_EXP.RUC_JURIDICOS.RJU_NUMERO
  is 'Número';
comment on column TAXMAOC_EXP.RUC_JURIDICOS.RJU_NUM_APTO_OFIC
  is 'Complemento';
comment on column TAXMAOC_EXP.RUC_JURIDICOS.RJU_REFERENCIA
  is 'Referência';
comment on column TAXMAOC_EXP.RUC_JURIDICOS.RJU_URBANIZACION
  is 'Bairro';
comment on column TAXMAOC_EXP.RUC_JURIDICOS.RJU_CIUDAD
  is 'Cidade';
comment on column TAXMAOC_EXP.RUC_JURIDICOS.RJU_CAJ_POSTAL
  is 'Caixa Postal';
comment on column TAXMAOC_EXP.RUC_JURIDICOS.RJU_ZONA_CAJ_POSTAL
  is 'Cep';
comment on column TAXMAOC_EXP.RUC_JURIDICOS.RJU_COR_ELECTRONICO
  is 'Correio Eletrônico';
comment on column TAXMAOC_EXP.RUC_JURIDICOS.RJU_TES_COD_ESTADO
  is 'UF do Estado';
comment on column TAXMAOC_EXP.RUC_JURIDICOS.RJU_ZONA_POSTAL
  is 'Zona Postal';
comment on column TAXMAOC_EXP.RUC_JURIDICOS.RJU_DDD_TELEFONO
  is 'DDD do Telefone';
comment on column TAXMAOC_EXP.RUC_JURIDICOS.RJU_TELEFONO
  is 'Telefone';
comment on column TAXMAOC_EXP.RUC_JURIDICOS.RJU_DDD_FAX
  is 'DDD do Fax';
comment on column TAXMAOC_EXP.RUC_JURIDICOS.RJU_FAX
  is 'Fax';
comment on column TAXMAOC_EXP.RUC_JURIDICOS.RJU_TIP_BAJA
  is 'Tipo da Baixa';
comment on column TAXMAOC_EXP.RUC_JURIDICOS.RJU_FEC_BAJA
  is 'Data da Baixa';
comment on column TAXMAOC_EXP.RUC_JURIDICOS.RJU_TAB_COD_UNIDAD_RECP
  is 'Não Utilizado';
comment on column TAXMAOC_EXP.RUC_JURIDICOS.RJU_RUC_RECEPTOR_ACTIVO
  is 'Não Utilizado';
comment on column TAXMAOC_EXP.RUC_JURIDICOS.RJU_FEC_INI_ACT_ECON
  is 'Data de Inicio da Atividade Econômica';
comment on column TAXMAOC_EXP.RUC_JURIDICOS.RJU_FEC_CIERRE_FISCAL
  is 'Data de Fechamento do Exercicio Fiscal';
comment on column TAXMAOC_EXP.RUC_JURIDICOS.RJU_NUM_ESTABLECIMIENTOS
  is 'Númedo de Estabelecimentos';
comment on column TAXMAOC_EXP.RUC_JURIDICOS.RJU_RRL_RUC_REPRESENTANTE
  is 'Representante da Empresa';
comment on column TAXMAOC_EXP.RUC_JURIDICOS.RJU_FEC_INCORPORACION
  is 'Data de Inclusão';
comment on column TAXMAOC_EXP.RUC_JURIDICOS.RJU_VAL_CAP_SOCIALES
  is 'Valor do Capital Social';
comment on column TAXMAOC_EXP.RUC_JURIDICOS.RJU_ARE_UTI_ESTABLECIMIENTOS
  is 'Área do Estabelecimento';
comment on column TAXMAOC_EXP.RUC_JURIDICOS.RJU_LICENCIA
  is 'Número da Licensa';
comment on column TAXMAOC_EXP.RUC_JURIDICOS.RJU_FEC_ACTUALIZACION
  is 'Data de Atualização';
comment on column TAXMAOC_EXP.RUC_JURIDICOS.RJU_MOTIVO_BAJA
  is 'Motivo de Baixa - generica 12';
comment on column TAXMAOC_EXP.RUC_JURIDICOS.RJU_TAB_COD_UNIDAD
  is 'Código da Unidade Fiscal';
comment on column TAXMAOC_EXP.RUC_JURIDICOS.RJU_TUS_COD_USUARIO
  is 'Código do Usuário';
alter table TAXMAOC_EXP.RUC_JURIDICOS
  add constraint PK_RUC_JURIDICOS primary key (RJU_RUC_JURIDICO);
create index TAXMAOC_EXP.IDX_RUC_JURIDICOS_01 on TAXMAOC_EXP.RUC_JURIDICOS (RJU_NOMBRE_COMERCIAL);
create index TAXMAOC_EXP.IDX_RUC_JURIDICOS_02 on TAXMAOC_EXP.RUC_JURIDICOS (RJU_RAZON_SOCIAL);

prompt Creating TAXMAOC_EXP.RUC_OBLIGACIONES...
create table TAXMAOC_EXP.RUC_OBLIGACIONES
(
  ROB_RUC_OBLIGACION     NUMBER(14) not null,
  ROB_TIM_COD_IMPUESTO   VARCHAR2(3) not null,
  ROB_PERIODICIDAD_OBLIG NUMBER(1) not null,
  ROB_ESTADO_OBLIG       NUMBER(1) not null,
  ROB_FEC_INIC_OBLIG     DATE not null,
  ROB_FEC_FIN_OBLIG      DATE,
  ROB_FEC_ACTUALIZACION  DATE,
  ROB_TAB_COD_UNIDAD     NUMBER(2),
  ROB_TUS_COD_USUARIO    VARCHAR2(20)
)
cache;
comment on table TAXMAOC_EXP.RUC_OBLIGACIONES
  is 'Tabela de Obrigações dos Contribuintes';
comment on column TAXMAOC_EXP.RUC_OBLIGACIONES.ROB_RUC_OBLIGACION
  is 'Inscrição Estadual';
comment on column TAXMAOC_EXP.RUC_OBLIGACIONES.ROB_TIM_COD_IMPUESTO
  is 'Código do Imposto';
comment on column TAXMAOC_EXP.RUC_OBLIGACIONES.ROB_PERIODICIDAD_OBLIG
  is 'Peridicidade do Imposto (1-Anual 2-Mensal)';
comment on column TAXMAOC_EXP.RUC_OBLIGACIONES.ROB_ESTADO_OBLIG
  is 'Situação da Obrigação';
comment on column TAXMAOC_EXP.RUC_OBLIGACIONES.ROB_FEC_INIC_OBLIG
  is 'Data de Inicio da Obrigação';
comment on column TAXMAOC_EXP.RUC_OBLIGACIONES.ROB_FEC_FIN_OBLIG
  is 'Data Final da Obrigação';
comment on column TAXMAOC_EXP.RUC_OBLIGACIONES.ROB_FEC_ACTUALIZACION
  is 'Data de Atualização';
comment on column TAXMAOC_EXP.RUC_OBLIGACIONES.ROB_TAB_COD_UNIDAD
  is 'Código da Unidade Fiscal';
comment on column TAXMAOC_EXP.RUC_OBLIGACIONES.ROB_TUS_COD_USUARIO
  is 'Código do Usuário';
alter table TAXMAOC_EXP.RUC_OBLIGACIONES
  add constraint PK_RUC_OBLIGACIONES primary key (ROB_RUC_OBLIGACION, ROB_TIM_COD_IMPUESTO, ROB_FEC_INIC_OBLIG);
create index TAXMAOC_EXP.IDX_RUC_OBLIGACIONES_01 on TAXMAOC_EXP.RUC_OBLIGACIONES (ROB_TIM_COD_IMPUESTO, ROB_RUC_OBLIGACION);

prompt Creating TAXMAOC_EXP.RUC_RELACION_PROFESIONAL...
create table TAXMAOC_EXP.RUC_RELACION_PROFESIONAL
(
  RRP_RUC_CONTRIBUYENTE          NUMBER(14) not null,
  RRP_RUC_PROFESIONAL            NUMBER(14) not null,
  RRP_TIPO_RELACION              NUMBER(4) not null,
  RRP_CARGO_SOCIO                VARCHAR2(300),
  RRP_PERCENTUAL_PARTICIPACION   NUMBER,
  RRP_FECHA_INICIO_PARTICIPACION DATE,
  RRP_FECHA_FIN_PARTICIPACION    DATE,
  RRP_CRC_CONTADOR               VARCHAR2(7),
  RRP_UF_CRC_CONTADOR            VARCHAR2(4),
  RRP_UBICACION_LIBRO_FISCAL     NUMBER(1),
  RRP_SITUACION_EMPLEADO         NUMBER(1),
  RRP_FECHA_INICIO_ESCRITURA     DATE,
  RRP_FECHA_FIN_ESCRITURA        DATE,
  RRP_FEC_ACTUALIZACION          DATE,
  RRP_TAB_COD_UNIDAD             NUMBER(2),
  RRP_TUS_COD_USUARIO            VARCHAR2(20)
)
cache;
comment on table TAXMAOC_EXP.RUC_RELACION_PROFESIONAL
  is 'snapshot table for snapshot TAXMAOC.RUC_RELACION_PROFESIONAL';
comment on column TAXMAOC_EXP.RUC_RELACION_PROFESIONAL.RRP_TIPO_RELACION
  is 'tab_generica = 34';
alter table TAXMAOC_EXP.RUC_RELACION_PROFESIONAL
  add constraint PK_RUC_RELACION_PROFESIONAL primary key (RRP_RUC_CONTRIBUYENTE, RRP_RUC_PROFESIONAL, RRP_TIPO_RELACION, RRP_FECHA_INICIO_PARTICIPACION);
create index TAXMAOC_EXP.IDX_RUC_RELACION_PROF_01 on TAXMAOC_EXP.RUC_RELACION_PROFESIONAL (RRP_RUC_PROFESIONAL);

prompt Creating TAXMAOC_EXP.RUC_REPRESENTANTES_LEGALES...
create table TAXMAOC_EXP.RUC_REPRESENTANTES_LEGALES
(
  RRL_RUC_REPRESENTANTE  NUMBER(14) not null,
  RRL_NOM_REPRESENTANTE  VARCHAR2(200),
  RRL_DIRECCION          VARCHAR2(200),
  RRL_NUMERO             VARCHAR2(8),
  RRL_NUM_APTO_OFIC      VARCHAR2(160),
  RRL_REFERENCIA         VARCHAR2(200),
  RRL_URBANIZACION       VARCHAR2(50),
  RRL_CIUDAD             VARCHAR2(60),
  RRL_UF                 VARCHAR2(4),
  RRL_TES_COD_ESTADO     VARCHAR2(2),
  RRL_ZONA_POSTAL        VARCHAR2(10),
  RRL_CAJ_POSTAL         VARCHAR2(10),
  RRL_ZONA_CAJ_POSTAL    VARCHAR2(10),
  RRL_DDD_TELEFONO       NUMBER(5),
  RRL_TELEFONO           VARCHAR2(10),
  RRL_DDD_FAX            NUMBER(5),
  RRL_FAX                VARCHAR2(10),
  RRL_COR_ELECTRONICO    VARCHAR2(60),
  RRL_TTL_TIP_LOGRADOURO VARCHAR2(5),
  RRL_FEC_ACTUALIZACION  DATE,
  RRL_TMU_COD_MUNICIPIO  NUMBER(7),
  RRL_TAB_COD_UNIDAD     NUMBER(2),
  RRL_TUS_COD_USUARIO    VARCHAR2(20)
)
cache;
comment on table TAXMAOC_EXP.RUC_REPRESENTANTES_LEGALES
  is 'snapshot table for snapshot TAXMAOC.RUC_REPRESENTANTES_LEGALES';
alter table TAXMAOC_EXP.RUC_REPRESENTANTES_LEGALES
  add constraint PK_RUC_REPRESENTANTES_LEGALES primary key (RRL_RUC_REPRESENTANTE);
alter table TAXMAOC_EXP.RUC_REPRESENTANTES_LEGALES
  add constraint CK_CPF_REPRESENTANTE
  check (rrl_ruc_representante>0);
create index TAXMAOC_EXP.IDX_RUC_REPRESENT_LEGAL_01 on TAXMAOC_EXP.RUC_REPRESENTANTES_LEGALES (RRL_NOM_REPRESENTANTE);
create unique index TAXMAOC_EXP.PK_RUC_REPRESENTANTES on TAXMAOC_EXP.RUC_REPRESENTANTES_LEGALES (RRL_RUC_REPRESENTANTE);

prompt Disabling triggers for TAXMAOC_EXP.RUC_CNAE_FISCAL...
alter table TAXMAOC_EXP.RUC_CNAE_FISCAL disable all triggers;
prompt Disabling triggers for TAXMAOC_EXP.RUC_DESABILITADOS...
alter table TAXMAOC_EXP.RUC_DESABILITADOS disable all triggers;
prompt Disabling triggers for TAXMAOC_EXP.RUC_ESTABLECIMIENTOS...
alter table TAXMAOC_EXP.RUC_ESTABLECIMIENTOS disable all triggers;
prompt Disabling triggers for TAXMAOC_EXP.RUC_GENERAL...
alter table TAXMAOC_EXP.RUC_GENERAL disable all triggers;
prompt Disabling triggers for TAXMAOC_EXP.RUC_JURIDICOS...
alter table TAXMAOC_EXP.RUC_JURIDICOS disable all triggers;
prompt Disabling triggers for TAXMAOC_EXP.RUC_OBLIGACIONES...
alter table TAXMAOC_EXP.RUC_OBLIGACIONES disable all triggers;
prompt Disabling triggers for TAXMAOC_EXP.RUC_RELACION_PROFESIONAL...
alter table TAXMAOC_EXP.RUC_RELACION_PROFESIONAL disable all triggers;
prompt Disabling triggers for TAXMAOC_EXP.RUC_REPRESENTANTES_LEGALES...
alter table TAXMAOC_EXP.RUC_REPRESENTANTES_LEGALES disable all triggers;
prompt Loading TAXMAOC_EXP.RUC_CNAE_FISCAL...
insert into TAXMAOC_EXP.RUC_CNAE_FISCAL (RCF_RGE_RUC, RCF_TCF_CODIGO_CNAE, RCF_TIPO_CNAE, RCF_CGC_CPF, RCF_DATA_ULT_ALT)
values (12627663, 5620104, '1', 35666885000147, to_date('01-12-2019 05:06:01', 'dd-mm-yyyy hh24:mi:ss'));
insert into TAXMAOC_EXP.RUC_CNAE_FISCAL (RCF_RGE_RUC, RCF_TCF_CODIGO_CNAE, RCF_TIPO_CNAE, RCF_CGC_CPF, RCF_DATA_ULT_ALT)
values (12627663, 5612100, '2', 35666885000147, to_date('01-12-2019 05:06:01', 'dd-mm-yyyy hh24:mi:ss'));
insert into TAXMAOC_EXP.RUC_CNAE_FISCAL (RCF_RGE_RUC, RCF_TCF_CODIGO_CNAE, RCF_TIPO_CNAE, RCF_CGC_CPF, RCF_DATA_ULT_ALT)
values (12627664, 4520007, '1', 35666408000181, to_date('01-12-2019 05:05:54', 'dd-mm-yyyy hh24:mi:ss'));
insert into TAXMAOC_EXP.RUC_CNAE_FISCAL (RCF_RGE_RUC, RCF_TCF_CODIGO_CNAE, RCF_TIPO_CNAE, RCF_CGC_CPF, RCF_DATA_ULT_ALT)
values (12627664, 4520003, '2', 35666408000181, to_date('01-12-2019 05:05:54', 'dd-mm-yyyy hh24:mi:ss'));
insert into TAXMAOC_EXP.RUC_CNAE_FISCAL (RCF_RGE_RUC, RCF_TCF_CODIGO_CNAE, RCF_TIPO_CNAE, RCF_CGC_CPF, RCF_DATA_ULT_ALT)
values (12627664, 2950600, '3', 35666408000181, to_date('01-12-2019 05:05:54', 'dd-mm-yyyy hh24:mi:ss'));
insert into TAXMAOC_EXP.RUC_CNAE_FISCAL (RCF_RGE_RUC, RCF_TCF_CODIGO_CNAE, RCF_TIPO_CNAE, RCF_CGC_CPF, RCF_DATA_ULT_ALT)
values (12627665, 4712100, '1', 10488002000125, to_date('01-12-2019 08:12:18', 'dd-mm-yyyy hh24:mi:ss'));
insert into TAXMAOC_EXP.RUC_CNAE_FISCAL (RCF_RGE_RUC, RCF_TCF_CODIGO_CNAE, RCF_TIPO_CNAE, RCF_CGC_CPF, RCF_DATA_ULT_ALT)
values (12627665, 4722901, '2', 10488002000125, to_date('01-12-2019 08:12:18', 'dd-mm-yyyy hh24:mi:ss'));
insert into TAXMAOC_EXP.RUC_CNAE_FISCAL (RCF_RGE_RUC, RCF_TCF_CODIGO_CNAE, RCF_TIPO_CNAE, RCF_CGC_CPF, RCF_DATA_ULT_ALT)
values (12627665, 4724500, '3', 10488002000125, to_date('01-12-2019 08:12:18', 'dd-mm-yyyy hh24:mi:ss'));
insert into TAXMAOC_EXP.RUC_CNAE_FISCAL (RCF_RGE_RUC, RCF_TCF_CODIGO_CNAE, RCF_TIPO_CNAE, RCF_CGC_CPF, RCF_DATA_ULT_ALT)
values (12627666, 4712100, '1', 1980280000104, to_date('01-12-2019 08:12:16', 'dd-mm-yyyy hh24:mi:ss'));
insert into TAXMAOC_EXP.RUC_CNAE_FISCAL (RCF_RGE_RUC, RCF_TCF_CODIGO_CNAE, RCF_TIPO_CNAE, RCF_CGC_CPF, RCF_DATA_ULT_ALT)
values (12627667, 4789099, '1', 35667517000113, to_date('01-12-2019 11:12:41', 'dd-mm-yyyy hh24:mi:ss'));
insert into TAXMAOC_EXP.RUC_CNAE_FISCAL (RCF_RGE_RUC, RCF_TCF_CODIGO_CNAE, RCF_TIPO_CNAE, RCF_CGC_CPF, RCF_DATA_ULT_ALT)
values (12627668, 5611203, '1', 35668420000125, to_date('01-12-2019 20:10:54', 'dd-mm-yyyy hh24:mi:ss'));
insert into TAXMAOC_EXP.RUC_CNAE_FISCAL (RCF_RGE_RUC, RCF_TCF_CODIGO_CNAE, RCF_TIPO_CNAE, RCF_CGC_CPF, RCF_DATA_ULT_ALT)
values (12627669, 1340501, '1', 35667876000170, to_date('01-12-2019 20:10:51', 'dd-mm-yyyy hh24:mi:ss'));
insert into TAXMAOC_EXP.RUC_CNAE_FISCAL (RCF_RGE_RUC, RCF_TCF_CODIGO_CNAE, RCF_TIPO_CNAE, RCF_CGC_CPF, RCF_DATA_ULT_ALT)
values (12627669, 4755501, '2', 35667876000170, to_date('01-12-2019 20:10:51', 'dd-mm-yyyy hh24:mi:ss'));
insert into TAXMAOC_EXP.RUC_CNAE_FISCAL (RCF_RGE_RUC, RCF_TCF_CODIGO_CNAE, RCF_TIPO_CNAE, RCF_CGC_CPF, RCF_DATA_ULT_ALT)
values (12627669, 4781400, '3', 35667876000170, to_date('01-12-2019 20:10:51', 'dd-mm-yyyy hh24:mi:ss'));
insert into TAXMAOC_EXP.RUC_CNAE_FISCAL (RCF_RGE_RUC, RCF_TCF_CODIGO_CNAE, RCF_TIPO_CNAE, RCF_CGC_CPF, RCF_DATA_ULT_ALT)
values (12627669, 4789099, '4', 35667876000170, to_date('01-12-2019 20:10:51', 'dd-mm-yyyy hh24:mi:ss'));
insert into TAXMAOC_EXP.RUC_CNAE_FISCAL (RCF_RGE_RUC, RCF_TCF_CODIGO_CNAE, RCF_TIPO_CNAE, RCF_CGC_CPF, RCF_DATA_ULT_ALT)
values (12627669, 1413403, '5', 35667876000170, to_date('01-12-2019 20:10:51', 'dd-mm-yyyy hh24:mi:ss'));
insert into TAXMAOC_EXP.RUC_CNAE_FISCAL (RCF_RGE_RUC, RCF_TCF_CODIGO_CNAE, RCF_TIPO_CNAE, RCF_CGC_CPF, RCF_DATA_ULT_ALT)
values (12627669, 2391503, '6', 35667876000170, to_date('01-12-2019 20:10:51', 'dd-mm-yyyy hh24:mi:ss'));
insert into TAXMAOC_EXP.RUC_CNAE_FISCAL (RCF_RGE_RUC, RCF_TCF_CODIGO_CNAE, RCF_TIPO_CNAE, RCF_CGC_CPF, RCF_DATA_ULT_ALT)
values (12627669, 2399101, '7', 35667876000170, to_date('01-12-2019 20:10:51', 'dd-mm-yyyy hh24:mi:ss'));
insert into TAXMAOC_EXP.RUC_CNAE_FISCAL (RCF_RGE_RUC, RCF_TCF_CODIGO_CNAE, RCF_TIPO_CNAE, RCF_CGC_CPF, RCF_DATA_ULT_ALT)
values (12627670, 5620104, '1', 35668065000194, to_date('01-12-2019 20:10:53', 'dd-mm-yyyy hh24:mi:ss'));
insert into TAXMAOC_EXP.RUC_CNAE_FISCAL (RCF_RGE_RUC, RCF_TCF_CODIGO_CNAE, RCF_TIPO_CNAE, RCF_CGC_CPF, RCF_DATA_ULT_ALT)
values (12627671, 4520007, '1', 35667827000138, to_date('01-12-2019 20:10:52', 'dd-mm-yyyy hh24:mi:ss'));
insert into TAXMAOC_EXP.RUC_CNAE_FISCAL (RCF_RGE_RUC, RCF_TCF_CODIGO_CNAE, RCF_TIPO_CNAE, RCF_CGC_CPF, RCF_DATA_ULT_ALT)
values (12627672, 4781400, '1', 35668401000107, to_date('01-12-2019 20:10:54', 'dd-mm-yyyy hh24:mi:ss'));
insert into TAXMAOC_EXP.RUC_CNAE_FISCAL (RCF_RGE_RUC, RCF_TCF_CODIGO_CNAE, RCF_TIPO_CNAE, RCF_CGC_CPF, RCF_DATA_ULT_ALT)
values (12627672, 9529199, '2', 35668401000107, to_date('01-12-2019 20:10:54', 'dd-mm-yyyy hh24:mi:ss'));
insert into TAXMAOC_EXP.RUC_CNAE_FISCAL (RCF_RGE_RUC, RCF_TCF_CODIGO_CNAE, RCF_TIPO_CNAE, RCF_CGC_CPF, RCF_DATA_ULT_ALT)
values (12627672, 1412602, '3', 35668401000107, to_date('01-12-2019 20:10:54', 'dd-mm-yyyy hh24:mi:ss'));
insert into TAXMAOC_EXP.RUC_CNAE_FISCAL (RCF_RGE_RUC, RCF_TCF_CODIGO_CNAE, RCF_TIPO_CNAE, RCF_CGC_CPF, RCF_DATA_ULT_ALT)
values (12627673, 4781400, '1', 35667826000193, to_date('01-12-2019 20:10:51', 'dd-mm-yyyy hh24:mi:ss'));
insert into TAXMAOC_EXP.RUC_CNAE_FISCAL (RCF_RGE_RUC, RCF_TCF_CODIGO_CNAE, RCF_TIPO_CNAE, RCF_CGC_CPF, RCF_DATA_ULT_ALT)
values (12627674, 2542000, '1', 35668098000134, to_date('01-12-2019 20:10:53', 'dd-mm-yyyy hh24:mi:ss'));
insert into TAXMAOC_EXP.RUC_CNAE_FISCAL (RCF_RGE_RUC, RCF_TCF_CODIGO_CNAE, RCF_TIPO_CNAE, RCF_CGC_CPF, RCF_DATA_ULT_ALT)
values (12627674, 2539001, '2', 35668098000134, to_date('01-12-2019 20:10:53', 'dd-mm-yyyy hh24:mi:ss'));
insert into TAXMAOC_EXP.RUC_CNAE_FISCAL (RCF_RGE_RUC, RCF_TCF_CODIGO_CNAE, RCF_TIPO_CNAE, RCF_CGC_CPF, RCF_DATA_ULT_ALT)
values (12627675, 4789099, '1', 35667561000123, to_date('01-12-2019 20:10:51', 'dd-mm-yyyy hh24:mi:ss'));
insert into TAXMAOC_EXP.RUC_CNAE_FISCAL (RCF_RGE_RUC, RCF_TCF_CODIGO_CNAE, RCF_TIPO_CNAE, RCF_CGC_CPF, RCF_DATA_ULT_ALT)
values (12627676, 9602501, '1', 35667987000187, to_date('01-12-2019 20:10:52', 'dd-mm-yyyy hh24:mi:ss'));
insert into TAXMAOC_EXP.RUC_CNAE_FISCAL (RCF_RGE_RUC, RCF_TCF_CODIGO_CNAE, RCF_TIPO_CNAE, RCF_CGC_CPF, RCF_DATA_ULT_ALT)
values (12627676, 4789001, '2', 35667987000187, to_date('01-12-2019 20:10:52', 'dd-mm-yyyy hh24:mi:ss'));
insert into TAXMAOC_EXP.RUC_CNAE_FISCAL (RCF_RGE_RUC, RCF_TCF_CODIGO_CNAE, RCF_TIPO_CNAE, RCF_CGC_CPF, RCF_DATA_ULT_ALT)
values (12627676, 4729699, '3', 35667987000187, to_date('01-12-2019 20:10:52', 'dd-mm-yyyy hh24:mi:ss'));
insert into TAXMAOC_EXP.RUC_CNAE_FISCAL (RCF_RGE_RUC, RCF_TCF_CODIGO_CNAE, RCF_TIPO_CNAE, RCF_CGC_CPF, RCF_DATA_ULT_ALT)
values (12627676, 8599604, '4', 35667987000187, to_date('01-12-2019 20:10:52', 'dd-mm-yyyy hh24:mi:ss'));
insert into TAXMAOC_EXP.RUC_CNAE_FISCAL (RCF_RGE_RUC, RCF_TCF_CODIGO_CNAE, RCF_TIPO_CNAE, RCF_CGC_CPF, RCF_DATA_ULT_ALT)
values (12627676, 5611203, '5', 35667987000187, to_date('01-12-2019 20:10:52', 'dd-mm-yyyy hh24:mi:ss'));
insert into TAXMAOC_EXP.RUC_CNAE_FISCAL (RCF_RGE_RUC, RCF_TCF_CODIGO_CNAE, RCF_TIPO_CNAE, RCF_CGC_CPF, RCF_DATA_ULT_ALT)
values (12627677, 4744099, '1', 23892304000106, to_date('01-12-2019 22:10:07', 'dd-mm-yyyy hh24:mi:ss'));
insert into TAXMAOC_EXP.RUC_CNAE_FISCAL (RCF_RGE_RUC, RCF_TCF_CODIGO_CNAE, RCF_TIPO_CNAE, RCF_CGC_CPF, RCF_DATA_ULT_ALT)
values (12627677, 4744003, '2', 23892304000106, to_date('01-12-2019 22:10:07', 'dd-mm-yyyy hh24:mi:ss'));
insert into TAXMAOC_EXP.RUC_CNAE_FISCAL (RCF_RGE_RUC, RCF_TCF_CODIGO_CNAE, RCF_TIPO_CNAE, RCF_CGC_CPF, RCF_DATA_ULT_ALT)
values (12627677, 4744001, '3', 23892304000106, to_date('01-12-2019 22:10:07', 'dd-mm-yyyy hh24:mi:ss'));
commit;
prompt 35 records loaded
prompt Loading TAXMAOC_EXP.RUC_DESABILITADOS...
insert into TAXMAOC_EXP.RUC_DESABILITADOS (TRD_RUC, TRD_MOTIVO, TRD_DT_INICIO, TRD_DT_FIM, TRD_USR_INCLUSAO, TRD_USR_EXCLUSAO, TRD_OBS)
values (12627663, 42, to_date('01-12-2019 05:05:58', 'dd-mm-yyyy hh24:mi:ss'), null, 'BATCH', null, 'Portaria 433/2015');
insert into TAXMAOC_EXP.RUC_DESABILITADOS (TRD_RUC, TRD_MOTIVO, TRD_DT_INICIO, TRD_DT_FIM, TRD_USR_INCLUSAO, TRD_USR_EXCLUSAO, TRD_OBS)
values (12627664, 42, to_date('01-12-2019 05:05:52', 'dd-mm-yyyy hh24:mi:ss'), null, 'BATCH', null, 'Portaria 433/2015');
insert into TAXMAOC_EXP.RUC_DESABILITADOS (TRD_RUC, TRD_MOTIVO, TRD_DT_INICIO, TRD_DT_FIM, TRD_USR_INCLUSAO, TRD_USR_EXCLUSAO, TRD_OBS)
values (12627665, 8, to_date('01-12-2019 08:12:17', 'dd-mm-yyyy hh24:mi:ss'), null, 'CADSINC', null, 'SUSPENSO ENQUANTO NAO SOLICITAR AIDF, ECF, NFE');
insert into TAXMAOC_EXP.RUC_DESABILITADOS (TRD_RUC, TRD_MOTIVO, TRD_DT_INICIO, TRD_DT_FIM, TRD_USR_INCLUSAO, TRD_USR_EXCLUSAO, TRD_OBS)
values (12627665, 42, to_date('01-12-2019 08:12:16', 'dd-mm-yyyy hh24:mi:ss'), null, 'BATCH', null, 'Portaria 433/2015');
insert into TAXMAOC_EXP.RUC_DESABILITADOS (TRD_RUC, TRD_MOTIVO, TRD_DT_INICIO, TRD_DT_FIM, TRD_USR_INCLUSAO, TRD_USR_EXCLUSAO, TRD_OBS)
values (12627666, 8, to_date('01-12-2019 08:12:15', 'dd-mm-yyyy hh24:mi:ss'), null, 'CADSINC', null, 'SUSPENSO ENQUANTO NAO SOLICITAR AIDF, ECF, NFE');
insert into TAXMAOC_EXP.RUC_DESABILITADOS (TRD_RUC, TRD_MOTIVO, TRD_DT_INICIO, TRD_DT_FIM, TRD_USR_INCLUSAO, TRD_USR_EXCLUSAO, TRD_OBS)
values (12627666, 39, to_date('01-12-2019 08:12:15', 'dd-mm-yyyy hh24:mi:ss'), null, 'CADSINC', null, 'SUSPENSO ENQUANTO NAO CADASTRAR USUARIO PRINCIPAL NO SEFAZNET');
insert into TAXMAOC_EXP.RUC_DESABILITADOS (TRD_RUC, TRD_MOTIVO, TRD_DT_INICIO, TRD_DT_FIM, TRD_USR_INCLUSAO, TRD_USR_EXCLUSAO, TRD_OBS)
values (12627666, 42, to_date('01-12-2019 08:12:15', 'dd-mm-yyyy hh24:mi:ss'), null, 'BATCH', null, 'Portaria 433/2015');
insert into TAXMAOC_EXP.RUC_DESABILITADOS (TRD_RUC, TRD_MOTIVO, TRD_DT_INICIO, TRD_DT_FIM, TRD_USR_INCLUSAO, TRD_USR_EXCLUSAO, TRD_OBS)
values (12627667, 42, to_date('01-12-2019 11:12:40', 'dd-mm-yyyy hh24:mi:ss'), null, 'BATCH', null, 'Portaria 433/2015');
insert into TAXMAOC_EXP.RUC_DESABILITADOS (TRD_RUC, TRD_MOTIVO, TRD_DT_INICIO, TRD_DT_FIM, TRD_USR_INCLUSAO, TRD_USR_EXCLUSAO, TRD_OBS)
values (12627668, 8, to_date('01-12-2019 20:10:53', 'dd-mm-yyyy hh24:mi:ss'), null, 'CADSINC', null, 'SUSPENSO ENQUANTO NAO SOLICITAR AIDF, ECF, NFE');
insert into TAXMAOC_EXP.RUC_DESABILITADOS (TRD_RUC, TRD_MOTIVO, TRD_DT_INICIO, TRD_DT_FIM, TRD_USR_INCLUSAO, TRD_USR_EXCLUSAO, TRD_OBS)
values (12627668, 39, to_date('01-12-2019 20:10:53', 'dd-mm-yyyy hh24:mi:ss'), null, 'CADSINC', null, 'SUSPENSO ENQUANTO NAO CADASTRAR USUARIO PRINCIPAL NO SEFAZNET');
insert into TAXMAOC_EXP.RUC_DESABILITADOS (TRD_RUC, TRD_MOTIVO, TRD_DT_INICIO, TRD_DT_FIM, TRD_USR_INCLUSAO, TRD_USR_EXCLUSAO, TRD_OBS)
values (12627668, 42, to_date('01-12-2019 20:10:53', 'dd-mm-yyyy hh24:mi:ss'), null, 'BATCH', null, 'Portaria 433/2015');
insert into TAXMAOC_EXP.RUC_DESABILITADOS (TRD_RUC, TRD_MOTIVO, TRD_DT_INICIO, TRD_DT_FIM, TRD_USR_INCLUSAO, TRD_USR_EXCLUSAO, TRD_OBS)
values (12627669, 42, to_date('01-12-2019 20:10:51', 'dd-mm-yyyy hh24:mi:ss'), null, 'BATCH', null, 'Portaria 433/2015');
insert into TAXMAOC_EXP.RUC_DESABILITADOS (TRD_RUC, TRD_MOTIVO, TRD_DT_INICIO, TRD_DT_FIM, TRD_USR_INCLUSAO, TRD_USR_EXCLUSAO, TRD_OBS)
values (12627670, 42, to_date('01-12-2019 20:10:52', 'dd-mm-yyyy hh24:mi:ss'), null, 'BATCH', null, 'Portaria 433/2015');
insert into TAXMAOC_EXP.RUC_DESABILITADOS (TRD_RUC, TRD_MOTIVO, TRD_DT_INICIO, TRD_DT_FIM, TRD_USR_INCLUSAO, TRD_USR_EXCLUSAO, TRD_OBS)
values (12627671, 42, to_date('01-12-2019 20:10:52', 'dd-mm-yyyy hh24:mi:ss'), null, 'BATCH', null, 'Portaria 433/2015');
insert into TAXMAOC_EXP.RUC_DESABILITADOS (TRD_RUC, TRD_MOTIVO, TRD_DT_INICIO, TRD_DT_FIM, TRD_USR_INCLUSAO, TRD_USR_EXCLUSAO, TRD_OBS)
values (12627672, 42, to_date('01-12-2019 20:10:54', 'dd-mm-yyyy hh24:mi:ss'), null, 'BATCH', null, 'Portaria 433/2015');
insert into TAXMAOC_EXP.RUC_DESABILITADOS (TRD_RUC, TRD_MOTIVO, TRD_DT_INICIO, TRD_DT_FIM, TRD_USR_INCLUSAO, TRD_USR_EXCLUSAO, TRD_OBS)
values (12627673, 42, to_date('01-12-2019 20:10:51', 'dd-mm-yyyy hh24:mi:ss'), null, 'BATCH', null, 'Portaria 433/2015');
insert into TAXMAOC_EXP.RUC_DESABILITADOS (TRD_RUC, TRD_MOTIVO, TRD_DT_INICIO, TRD_DT_FIM, TRD_USR_INCLUSAO, TRD_USR_EXCLUSAO, TRD_OBS)
values (12627674, 42, to_date('01-12-2019 20:10:53', 'dd-mm-yyyy hh24:mi:ss'), null, 'BATCH', null, 'Portaria 433/2015');
insert into TAXMAOC_EXP.RUC_DESABILITADOS (TRD_RUC, TRD_MOTIVO, TRD_DT_INICIO, TRD_DT_FIM, TRD_USR_INCLUSAO, TRD_USR_EXCLUSAO, TRD_OBS)
values (12627675, 42, to_date('01-12-2019 20:10:50', 'dd-mm-yyyy hh24:mi:ss'), null, 'BATCH', null, 'Portaria 433/2015');
insert into TAXMAOC_EXP.RUC_DESABILITADOS (TRD_RUC, TRD_MOTIVO, TRD_DT_INICIO, TRD_DT_FIM, TRD_USR_INCLUSAO, TRD_USR_EXCLUSAO, TRD_OBS)
values (12627676, 42, to_date('01-12-2019 20:10:52', 'dd-mm-yyyy hh24:mi:ss'), null, 'BATCH', null, 'Portaria 433/2015');
insert into TAXMAOC_EXP.RUC_DESABILITADOS (TRD_RUC, TRD_MOTIVO, TRD_DT_INICIO, TRD_DT_FIM, TRD_USR_INCLUSAO, TRD_USR_EXCLUSAO, TRD_OBS)
values (12627677, 42, to_date('01-12-2019 22:10:06', 'dd-mm-yyyy hh24:mi:ss'), null, 'BATCH', null, 'Portaria 433/2015');
commit;
prompt 20 records loaded
prompt Loading TAXMAOC_EXP.RUC_ESTABLECIMIENTOS...
insert into TAXMAOC_EXP.RUC_ESTABLECIMIENTOS (RES_RUC_ESTABLECIMIENTO, RES_NOM_ESTABLECIMIENTO, RES_TTL_TIP_LOGRADORO, RES_DIRECCION, RES_NUMERO, RES_NUM_APTO_OFIC, RES_REFERENCIA, RES_URBANIZACION, RES_CIUDAD, RES_CAJ_POSTAL, RES_ZONA_CAJ_POSTAL, RES_COR_ELECTRONICO, RES_TES_COD_ESTADO, RES_ZONA_POSTAL, RES_DDD_FAX, RES_FAX, RES_DDD_TELEFONO, RES_TELEFONO, RES_IDE_ESTABLECIMIENTO, RES_TIP_ESTABLECIMIENTO, RES_FEC_ACTUALIZACION, RES_TMU_COD_MUNICIPIO, RES_TAB_COD_UNIDAD, RES_TUS_COD_USUARIO, RES_UNIDADE_CONSUMIDORA, RES_DATA_ULT_ALT, RES_LATITUDE, RES_LONGITUDE)
values (12627663, 'BRENDDA DE OLIVEIRA MOTA BERTOLDO 60451071360', null, 'RUA RAIMUNDO BRAZ', 'S N', 'CASA', 'ORLA DO BALNEARIO MUNICIPAL', 'CENTRO', null, null, null, 'BRENDDAMOTHA24@GMAIL.COM', 'MA', '65735000', null, null, 99, '36651337', '12627663', 1, to_date('01-12-2019 05:06:01', 'dd-mm-yyyy hh24:mi:ss'), 2754, 4, 'CADSINC', null, to_date('01-12-2019 05:06:01', 'dd-mm-yyyy hh24:mi:ss'), null, null);
insert into TAXMAOC_EXP.RUC_ESTABLECIMIENTOS (RES_RUC_ESTABLECIMIENTO, RES_NOM_ESTABLECIMIENTO, RES_TTL_TIP_LOGRADORO, RES_DIRECCION, RES_NUMERO, RES_NUM_APTO_OFIC, RES_REFERENCIA, RES_URBANIZACION, RES_CIUDAD, RES_CAJ_POSTAL, RES_ZONA_CAJ_POSTAL, RES_COR_ELECTRONICO, RES_TES_COD_ESTADO, RES_ZONA_POSTAL, RES_DDD_FAX, RES_FAX, RES_DDD_TELEFONO, RES_TELEFONO, RES_IDE_ESTABLECIMIENTO, RES_TIP_ESTABLECIMIENTO, RES_FEC_ACTUALIZACION, RES_TMU_COD_MUNICIPIO, RES_TAB_COD_UNIDAD, RES_TUS_COD_USUARIO, RES_UNIDADE_CONSUMIDORA, RES_DATA_ULT_ALT, RES_LATITUDE, RES_LONGITUDE)
values (12627664, 'MECANICA GALEGO', 'RUA', 'RUA 07 QUADRA 05', '28', 'CONJ', null, 'VILA EPITACIO CAFETERIA', null, null, null, 'CLAUDIOROBERTO3120@GMAIL.COM', 'MA', '65130000', null, null, 98, '91761004', '12627664', 1, to_date('01-12-2019 05:05:53', 'dd-mm-yyyy hh24:mi:ss'), 7506, 1, 'CADSINC', null, to_date('01-12-2019 05:05:53', 'dd-mm-yyyy hh24:mi:ss'), null, null);
insert into TAXMAOC_EXP.RUC_ESTABLECIMIENTOS (RES_RUC_ESTABLECIMIENTO, RES_NOM_ESTABLECIMIENTO, RES_TTL_TIP_LOGRADORO, RES_DIRECCION, RES_NUMERO, RES_NUM_APTO_OFIC, RES_REFERENCIA, RES_URBANIZACION, RES_CIUDAD, RES_CAJ_POSTAL, RES_ZONA_CAJ_POSTAL, RES_COR_ELECTRONICO, RES_TES_COD_ESTADO, RES_ZONA_POSTAL, RES_DDD_FAX, RES_FAX, RES_DDD_TELEFONO, RES_TELEFONO, RES_IDE_ESTABLECIMIENTO, RES_TIP_ESTABLECIMIENTO, RES_FEC_ACTUALIZACION, RES_TMU_COD_MUNICIPIO, RES_TAB_COD_UNIDAD, RES_TUS_COD_USUARIO, RES_UNIDADE_CONSUMIDORA, RES_DATA_ULT_ALT, RES_LATITUDE, RES_LONGITUDE)
values (12627665, 'MINIBOX BOM JESUS', 'AVE', 'TARQUINIO LOPES', '1590', ': D;', 'PROXIMO A PRACA', 'ALCANTARA', 'CHAPADA', null, null, 'HSCONSULTORIA-PHO@HOTMAIL.COM', 'MA', '65200000', null, null, 98, '84471747', '12627665', 1, to_date('01-12-2019 08:12:18', 'dd-mm-yyyy hh24:mi:ss'), 8603, 5, 'CADSINC', null, to_date('01-12-2019 08:12:18', 'dd-mm-yyyy hh24:mi:ss'), null, null);
insert into TAXMAOC_EXP.RUC_ESTABLECIMIENTOS (RES_RUC_ESTABLECIMIENTO, RES_NOM_ESTABLECIMIENTO, RES_TTL_TIP_LOGRADORO, RES_DIRECCION, RES_NUMERO, RES_NUM_APTO_OFIC, RES_REFERENCIA, RES_URBANIZACION, RES_CIUDAD, RES_CAJ_POSTAL, RES_ZONA_CAJ_POSTAL, RES_COR_ELECTRONICO, RES_TES_COD_ESTADO, RES_ZONA_POSTAL, RES_DDD_FAX, RES_FAX, RES_DDD_TELEFONO, RES_TELEFONO, RES_IDE_ESTABLECIMIENTO, RES_TIP_ESTABLECIMIENTO, RES_FEC_ACTUALIZACION, RES_TMU_COD_MUNICIPIO, RES_TAB_COD_UNIDAD, RES_TUS_COD_USUARIO, RES_UNIDADE_CONSUMIDORA, RES_DATA_ULT_ALT, RES_LATITUDE, RES_LONGITUDE)
values (12627666, 'CASA MORAES MAFRA', 'ROD', 'DR ANTONIO DINO', '180 A', null, 'PROXIMO A IGREJA EVANGELICA ', 'AREIA BRANCA', 'MAIRI', null, null, 'WILLIAMSILVASANTOS@HOTMAIL.COM', 'MA', '65268000', null, null, 98, '84620150', '12627666', 1, to_date('01-12-2019 08:12:16', 'dd-mm-yyyy hh24:mi:ss'), 3703, 5, 'CADSINC', null, to_date('01-12-2019 08:12:16', 'dd-mm-yyyy hh24:mi:ss'), null, null);
insert into TAXMAOC_EXP.RUC_ESTABLECIMIENTOS (RES_RUC_ESTABLECIMIENTO, RES_NOM_ESTABLECIMIENTO, RES_TTL_TIP_LOGRADORO, RES_DIRECCION, RES_NUMERO, RES_NUM_APTO_OFIC, RES_REFERENCIA, RES_URBANIZACION, RES_CIUDAD, RES_CAJ_POSTAL, RES_ZONA_CAJ_POSTAL, RES_COR_ELECTRONICO, RES_TES_COD_ESTADO, RES_ZONA_POSTAL, RES_DDD_FAX, RES_FAX, RES_DDD_TELEFONO, RES_TELEFONO, RES_IDE_ESTABLECIMIENTO, RES_TIP_ESTABLECIMIENTO, RES_FEC_ACTUALIZACION, RES_TMU_COD_MUNICIPIO, RES_TAB_COD_UNIDAD, RES_TUS_COD_USUARIO, RES_UNIDADE_CONSUMIDORA, RES_DATA_ULT_ALT, RES_LATITUDE, RES_LONGITUDE)
values (12627667, 'LIVRARIAVITORIA', 'RUA', 'DA UNIAO', 'A01', 'CONJ 01 A', null, 'SANTA EFIGENIA', null, null, null, 'ARIMARIA2015@HOTMAIL.COM', 'MA', '65058728', null, null, 98, '84256442', '12627667', 1, to_date('01-12-2019 11:12:41', 'dd-mm-yyyy hh24:mi:ss'), 11300, 1, 'CADSINC', null, to_date('01-12-2019 11:12:41', 'dd-mm-yyyy hh24:mi:ss'), null, null);
insert into TAXMAOC_EXP.RUC_ESTABLECIMIENTOS (RES_RUC_ESTABLECIMIENTO, RES_NOM_ESTABLECIMIENTO, RES_TTL_TIP_LOGRADORO, RES_DIRECCION, RES_NUMERO, RES_NUM_APTO_OFIC, RES_REFERENCIA, RES_URBANIZACION, RES_CIUDAD, RES_CAJ_POSTAL, RES_ZONA_CAJ_POSTAL, RES_COR_ELECTRONICO, RES_TES_COD_ESTADO, RES_ZONA_POSTAL, RES_DDD_FAX, RES_FAX, RES_DDD_TELEFONO, RES_TELEFONO, RES_IDE_ESTABLECIMIENTO, RES_TIP_ESTABLECIMIENTO, RES_FEC_ACTUALIZACION, RES_TMU_COD_MUNICIPIO, RES_TAB_COD_UNIDAD, RES_TUS_COD_USUARIO, RES_UNIDADE_CONSUMIDORA, RES_DATA_ULT_ALT, RES_LATITUDE, RES_LONGITUDE)
values (12627668, 'DELIZIE ROLLS', 'ROD', 'BR 316', '4362', 'QUIOSQ08', 'SHOPPING CAXIAS', 'BELA VISTA', null, null, null, 'DELIZIEROLLS@GMAIL.COM', 'MA', '65605295', null, null, 86, '81010555', '12627668', 1, to_date('01-12-2019 20:10:53', 'dd-mm-yyyy hh24:mi:ss'), 3000, 3, 'CADSINC', null, to_date('01-12-2019 20:10:53', 'dd-mm-yyyy hh24:mi:ss'), null, null);
insert into TAXMAOC_EXP.RUC_ESTABLECIMIENTOS (RES_RUC_ESTABLECIMIENTO, RES_NOM_ESTABLECIMIENTO, RES_TTL_TIP_LOGRADORO, RES_DIRECCION, RES_NUMERO, RES_NUM_APTO_OFIC, RES_REFERENCIA, RES_URBANIZACION, RES_CIUDAD, RES_CAJ_POSTAL, RES_ZONA_CAJ_POSTAL, RES_COR_ELECTRONICO, RES_TES_COD_ESTADO, RES_ZONA_POSTAL, RES_DDD_FAX, RES_FAX, RES_DDD_TELEFONO, RES_TELEFONO, RES_IDE_ESTABLECIMIENTO, RES_TIP_ESTABLECIMIENTO, RES_FEC_ACTUALIZACION, RES_TMU_COD_MUNICIPIO, RES_TAB_COD_UNIDAD, RES_TUS_COD_USUARIO, RES_UNIDADE_CONSUMIDORA, RES_DATA_ULT_ALT, RES_LATITUDE, RES_LONGITUDE)
values (12627669, 'DJGUES DESING', 'RUA', 'DOUTOR RAMOS', '538', null, 'PROXIMO A METALURGICA DO TOIN', 'BARRA', null, null, null, 'J.JELISON@HOTMAIL.COM', 'MA', '65580000', null, null, 47, '84191703', '12627669', 1, to_date('01-12-2019 20:10:51', 'dd-mm-yyyy hh24:mi:ss'), 12506, 4, 'CADSINC', null, to_date('01-12-2019 20:10:51', 'dd-mm-yyyy hh24:mi:ss'), null, null);
insert into TAXMAOC_EXP.RUC_ESTABLECIMIENTOS (RES_RUC_ESTABLECIMIENTO, RES_NOM_ESTABLECIMIENTO, RES_TTL_TIP_LOGRADORO, RES_DIRECCION, RES_NUMERO, RES_NUM_APTO_OFIC, RES_REFERENCIA, RES_URBANIZACION, RES_CIUDAD, RES_CAJ_POSTAL, RES_ZONA_CAJ_POSTAL, RES_COR_ELECTRONICO, RES_TES_COD_ESTADO, RES_ZONA_POSTAL, RES_DDD_FAX, RES_FAX, RES_DDD_TELEFONO, RES_TELEFONO, RES_IDE_ESTABLECIMIENTO, RES_TIP_ESTABLECIMIENTO, RES_FEC_ACTUALIZACION, RES_TMU_COD_MUNICIPIO, RES_TAB_COD_UNIDAD, RES_TUS_COD_USUARIO, RES_UNIDADE_CONSUMIDORA, RES_DATA_ULT_ALT, RES_LATITUDE, RES_LONGITUDE)
values (12627670, 'PANIFICADORA CARVALHO', 'RUA', 'RUA DO COM?RCIO', '20', 'CONJ', null, 'CENTRO', null, null, null, 'JOSILDAC@GMAIL.COM', 'MA', '65758000', null, null, 99, '84464204', '12627670', 1, to_date('01-12-2019 20:10:53', 'dd-mm-yyyy hh24:mi:ss'), 11672, 4, 'CADSINC', null, to_date('01-12-2019 20:10:53', 'dd-mm-yyyy hh24:mi:ss'), null, null);
insert into TAXMAOC_EXP.RUC_ESTABLECIMIENTOS (RES_RUC_ESTABLECIMIENTO, RES_NOM_ESTABLECIMIENTO, RES_TTL_TIP_LOGRADORO, RES_DIRECCION, RES_NUMERO, RES_NUM_APTO_OFIC, RES_REFERENCIA, RES_URBANIZACION, RES_CIUDAD, RES_CAJ_POSTAL, RES_ZONA_CAJ_POSTAL, RES_COR_ELECTRONICO, RES_TES_COD_ESTADO, RES_ZONA_POSTAL, RES_DDD_FAX, RES_FAX, RES_DDD_TELEFONO, RES_TELEFONO, RES_IDE_ESTABLECIMIENTO, RES_TIP_ESTABLECIMIENTO, RES_FEC_ACTUALIZACION, RES_TMU_COD_MUNICIPIO, RES_TAB_COD_UNIDAD, RES_TUS_COD_USUARIO, RES_UNIDADE_CONSUMIDORA, RES_DATA_ULT_ALT, RES_LATITUDE, RES_LONGITUDE)
values (12627671, 'RECORTE ENVELOPAMENTO', 'RUA', 'RAIMUNDO CORREIA DA SILVA', '665', null, null, 'PARQUE ALVORADA', null, null, null, 'CLEYTONLINHARESAGUIAR@GMAIL.COM', 'MA', '65633010', null, null, 86, '88299389', '12627671', 1, to_date('01-12-2019 20:10:52', 'dd-mm-yyyy hh24:mi:ss'), 12209, 3, 'CADSINC', null, to_date('01-12-2019 20:10:52', 'dd-mm-yyyy hh24:mi:ss'), null, null);
insert into TAXMAOC_EXP.RUC_ESTABLECIMIENTOS (RES_RUC_ESTABLECIMIENTO, RES_NOM_ESTABLECIMIENTO, RES_TTL_TIP_LOGRADORO, RES_DIRECCION, RES_NUMERO, RES_NUM_APTO_OFIC, RES_REFERENCIA, RES_URBANIZACION, RES_CIUDAD, RES_CAJ_POSTAL, RES_ZONA_CAJ_POSTAL, RES_COR_ELECTRONICO, RES_TES_COD_ESTADO, RES_ZONA_POSTAL, RES_DDD_FAX, RES_FAX, RES_DDD_TELEFONO, RES_TELEFONO, RES_IDE_ESTABLECIMIENTO, RES_TIP_ESTABLECIMIENTO, RES_FEC_ACTUALIZACION, RES_TMU_COD_MUNICIPIO, RES_TAB_COD_UNIDAD, RES_TUS_COD_USUARIO, RES_UNIDADE_CONSUMIDORA, RES_DATA_ULT_ALT, RES_LATITUDE, RES_LONGITUDE)
values (12627672, 'N & N MODA INTIMA', 'RUA', 'DOM PEDRO I', '325', null, null, 'FATIMA', null, null, null, '55ATENDE.NATALYA@GMAIL.COM', 'MA', '65030430', null, null, 98, '83108779', '12627672', 1, to_date('01-12-2019 20:10:54', 'dd-mm-yyyy hh24:mi:ss'), 11300, 1, 'CADSINC', null, to_date('01-12-2019 20:10:54', 'dd-mm-yyyy hh24:mi:ss'), null, null);
insert into TAXMAOC_EXP.RUC_ESTABLECIMIENTOS (RES_RUC_ESTABLECIMIENTO, RES_NOM_ESTABLECIMIENTO, RES_TTL_TIP_LOGRADORO, RES_DIRECCION, RES_NUMERO, RES_NUM_APTO_OFIC, RES_REFERENCIA, RES_URBANIZACION, RES_CIUDAD, RES_CAJ_POSTAL, RES_ZONA_CAJ_POSTAL, RES_COR_ELECTRONICO, RES_TES_COD_ESTADO, RES_ZONA_POSTAL, RES_DDD_FAX, RES_FAX, RES_DDD_TELEFONO, RES_TELEFONO, RES_IDE_ESTABLECIMIENTO, RES_TIP_ESTABLECIMIENTO, RES_FEC_ACTUALIZACION, RES_TMU_COD_MUNICIPIO, RES_TAB_COD_UNIDAD, RES_TUS_COD_USUARIO, RES_UNIDADE_CONSUMIDORA, RES_DATA_ULT_ALT, RES_LATITUDE, RES_LONGITUDE)
values (12627673, 'BELLA BOUTIQUE', 'RUA', 'DO ARAME', '54A', null, 'DO LADO DO GALETO', 'VILA PALMEIRA', null, null, null, 'KELLY_THAYNNY@HOTMAIL.COM', 'MA', '65045070', null, null, 98, '98262652', '12627673', 1, to_date('01-12-2019 20:10:51', 'dd-mm-yyyy hh24:mi:ss'), 11300, 1, 'CADSINC', null, to_date('01-12-2019 20:10:51', 'dd-mm-yyyy hh24:mi:ss'), null, null);
insert into TAXMAOC_EXP.RUC_ESTABLECIMIENTOS (RES_RUC_ESTABLECIMIENTO, RES_NOM_ESTABLECIMIENTO, RES_TTL_TIP_LOGRADORO, RES_DIRECCION, RES_NUMERO, RES_NUM_APTO_OFIC, RES_REFERENCIA, RES_URBANIZACION, RES_CIUDAD, RES_CAJ_POSTAL, RES_ZONA_CAJ_POSTAL, RES_COR_ELECTRONICO, RES_TES_COD_ESTADO, RES_ZONA_POSTAL, RES_DDD_FAX, RES_FAX, RES_DDD_TELEFONO, RES_TELEFONO, RES_IDE_ESTABLECIMIENTO, RES_TIP_ESTABLECIMIENTO, RES_FEC_ACTUALIZACION, RES_TMU_COD_MUNICIPIO, RES_TAB_COD_UNIDAD, RES_TUS_COD_USUARIO, RES_UNIDADE_CONSUMIDORA, RES_DATA_ULT_ALT, RES_LATITUDE, RES_LONGITUDE)
values (12627674, 'METALURGICA ESTRELA', null, 'RUA DR  JOSE FALCAO', 'S N', 'GALPAO', 'DEPOSITO LULA', 'CENTRO', 'APIACA', null, null, 'ISNAEL-KF-14@HOTMAIL.COM', 'MA', '65755000', null, null, 0, '0', '12627674', 1, to_date('01-12-2019 20:10:53', 'dd-mm-yyyy hh24:mi:ss'), 5609, 4, 'CADSINC', null, to_date('01-12-2019 20:10:53', 'dd-mm-yyyy hh24:mi:ss'), null, null);
insert into TAXMAOC_EXP.RUC_ESTABLECIMIENTOS (RES_RUC_ESTABLECIMIENTO, RES_NOM_ESTABLECIMIENTO, RES_TTL_TIP_LOGRADORO, RES_DIRECCION, RES_NUMERO, RES_NUM_APTO_OFIC, RES_REFERENCIA, RES_URBANIZACION, RES_CIUDAD, RES_CAJ_POSTAL, RES_ZONA_CAJ_POSTAL, RES_COR_ELECTRONICO, RES_TES_COD_ESTADO, RES_ZONA_POSTAL, RES_DDD_FAX, RES_FAX, RES_DDD_TELEFONO, RES_TELEFONO, RES_IDE_ESTABLECIMIENTO, RES_TIP_ESTABLECIMIENTO, RES_FEC_ACTUALIZACION, RES_TMU_COD_MUNICIPIO, RES_TAB_COD_UNIDAD, RES_TUS_COD_USUARIO, RES_UNIDADE_CONSUMIDORA, RES_DATA_ULT_ALT, RES_LATITUDE, RES_LONGITUDE)
values (12627675, 'COMERCIO FLA LINGERIES', 'RUA', 'AGOSTINHO REIS', '38', null, null, 'APEADOURO', null, null, null, 'CONFITURIE.CO2014@GMAIL.COM', 'MA', '65036010', null, null, 98, '87157227', '12627675', 1, to_date('01-12-2019 20:10:50', 'dd-mm-yyyy hh24:mi:ss'), 11300, 1, 'CADSINC', null, to_date('01-12-2019 20:10:50', 'dd-mm-yyyy hh24:mi:ss'), null, null);
insert into TAXMAOC_EXP.RUC_ESTABLECIMIENTOS (RES_RUC_ESTABLECIMIENTO, RES_NOM_ESTABLECIMIENTO, RES_TTL_TIP_LOGRADORO, RES_DIRECCION, RES_NUMERO, RES_NUM_APTO_OFIC, RES_REFERENCIA, RES_URBANIZACION, RES_CIUDAD, RES_CAJ_POSTAL, RES_ZONA_CAJ_POSTAL, RES_COR_ELECTRONICO, RES_TES_COD_ESTADO, RES_ZONA_POSTAL, RES_DDD_FAX, RES_FAX, RES_DDD_TELEFONO, RES_TELEFONO, RES_IDE_ESTABLECIMIENTO, RES_TIP_ESTABLECIMIENTO, RES_FEC_ACTUALIZACION, RES_TMU_COD_MUNICIPIO, RES_TAB_COD_UNIDAD, RES_TUS_COD_USUARIO, RES_UNIDADE_CONSUMIDORA, RES_DATA_ULT_ALT, RES_LATITUDE, RES_LONGITUDE)
values (12627676, 'VILA CACHOS', 'RUA', 'UM', '19', 'BLOCO B;APT 202;COND MOGNO', 'PROXIMO AO CONDOMINIO PARK VINHAIS', 'CONJUNTO DOS IPES', null, null, null, 'RAMONLLEANDRO@HOTMAIL.COM', 'MA', '65070490', null, null, 98, '91555756', '12627676', 1, to_date('01-12-2019 20:10:52', 'dd-mm-yyyy hh24:mi:ss'), 11300, 1, 'CADSINC', null, to_date('01-12-2019 20:10:52', 'dd-mm-yyyy hh24:mi:ss'), null, null);
insert into TAXMAOC_EXP.RUC_ESTABLECIMIENTOS (RES_RUC_ESTABLECIMIENTO, RES_NOM_ESTABLECIMIENTO, RES_TTL_TIP_LOGRADORO, RES_DIRECCION, RES_NUMERO, RES_NUM_APTO_OFIC, RES_REFERENCIA, RES_URBANIZACION, RES_CIUDAD, RES_CAJ_POSTAL, RES_ZONA_CAJ_POSTAL, RES_COR_ELECTRONICO, RES_TES_COD_ESTADO, RES_ZONA_POSTAL, RES_DDD_FAX, RES_FAX, RES_DDD_TELEFONO, RES_TELEFONO, RES_IDE_ESTABLECIMIENTO, RES_TIP_ESTABLECIMIENTO, RES_FEC_ACTUALIZACION, RES_TMU_COD_MUNICIPIO, RES_TAB_COD_UNIDAD, RES_TUS_COD_USUARIO, RES_UNIDADE_CONSUMIDORA, RES_DATA_ULT_ALT, RES_LATITUDE, RES_LONGITUDE)
values (12627677, 'GUSTAVO MATERIAIS PARA CONSTRUCAO', 'AVE', 'CENTRAL', '1341A', null, null, 'TRIZIDELA', null, null, null, 'jrgustavo.silva@gmail.com', 'MA', '65415000', null, null, 94, '99449695', '12627677', 1, to_date('05-12-2019 20:11:58', 'dd-mm-yyyy hh24:mi:ss'), 3604, 3, 'CADSINC', null, to_date('05-12-2019 20:11:58', 'dd-mm-yyyy hh24:mi:ss'), null, null);
commit;
prompt 15 records loaded
prompt Loading TAXMAOC_EXP.RUC_GENERAL...
insert into TAXMAOC_EXP.RUC_GENERAL (RGE_RUC, RGE_NOMBRE, RGE_TIP_PERSONA, RGE_NACIONALIDAD, RGE_DOMICILIADO_PAIS, RGE_TAB_COD_UNIDAD, RGE_TAE_COD_ACTIVIDAD, RGE_MES_CIERRE_ACT, RGE_TIP_BAJA, RGE_NOT_ELECTRONICA, RGE_CGC_CPF, RGE_RUC_CONDICION, RGE_TMU_COD_MUNICIPIO, RGE_TCO_CONDICION_PAGO, RGE_TSC_SIT_CADASTRAL, RGE_OPT_SIMPLIFICADO, RGE_FEC_ACTUALIZACION, RGE_REGIMEN_ESPECIAL, RGE_IND_SUBST_TRIBUT, RGE_TUS_COD_USUARIO, RGE_VAL_ESTIMADO, RGE_REMISSO, RGE_IND_GRANDE_CONTRIB, RGE_RANK_ARRECADACAO, RGE_REGIME_ANTERIOR, RGE_TIPO_CADASTRO, RGE_INSC_ESTADUAL, RGE_TRANSFERIDO_VIVANOTA, RGE_SERASA, RGE_RUC_CENTRALIZADOR, RGE_DATA_ULT_ALT, RGE_DATA_SIT_CADASTRAL, RGE_NIVELCUMPRIMENTO, RGE_ORIGEM_CAD)
values (12627663, 'BRENDDA DE OLIVEIRA MOTA BERTOLDO 60451071360', 2, 1, 1, 4, null, null, null, null, 35666885000147, 8, 2754, 2, 6, null, to_date('01-12-2019 05:05:58', 'dd-mm-yyyy hh24:mi:ss'), null, null, 'CADSINC', null, null, null, null, null, 1, 12627663, 1, null, null, to_date('03-12-2019 11:17:12', 'dd-mm-yyyy hh24:mi:ss'), to_date('01-12-2019 05:05:58', 'dd-mm-yyyy hh24:mi:ss'), null, null);
insert into TAXMAOC_EXP.RUC_GENERAL (RGE_RUC, RGE_NOMBRE, RGE_TIP_PERSONA, RGE_NACIONALIDAD, RGE_DOMICILIADO_PAIS, RGE_TAB_COD_UNIDAD, RGE_TAE_COD_ACTIVIDAD, RGE_MES_CIERRE_ACT, RGE_TIP_BAJA, RGE_NOT_ELECTRONICA, RGE_CGC_CPF, RGE_RUC_CONDICION, RGE_TMU_COD_MUNICIPIO, RGE_TCO_CONDICION_PAGO, RGE_TSC_SIT_CADASTRAL, RGE_OPT_SIMPLIFICADO, RGE_FEC_ACTUALIZACION, RGE_REGIMEN_ESPECIAL, RGE_IND_SUBST_TRIBUT, RGE_TUS_COD_USUARIO, RGE_VAL_ESTIMADO, RGE_REMISSO, RGE_IND_GRANDE_CONTRIB, RGE_RANK_ARRECADACAO, RGE_REGIME_ANTERIOR, RGE_TIPO_CADASTRO, RGE_INSC_ESTADUAL, RGE_TRANSFERIDO_VIVANOTA, RGE_SERASA, RGE_RUC_CENTRALIZADOR, RGE_DATA_ULT_ALT, RGE_DATA_SIT_CADASTRAL, RGE_NIVELCUMPRIMENTO, RGE_ORIGEM_CAD)
values (12627664, 'CLAUDIO ROBERTO PEREIRA LICAR 60735803390', 2, 1, 1, 1, null, null, null, null, 35666408000181, 8, 7506, 2, 6, null, to_date('01-12-2019 05:05:52', 'dd-mm-yyyy hh24:mi:ss'), null, null, 'CADSINC', null, null, null, null, null, 1, 12627664, 1, null, null, to_date('03-12-2019 11:17:10', 'dd-mm-yyyy hh24:mi:ss'), to_date('01-12-2019 05:05:52', 'dd-mm-yyyy hh24:mi:ss'), null, null);
insert into TAXMAOC_EXP.RUC_GENERAL (RGE_RUC, RGE_NOMBRE, RGE_TIP_PERSONA, RGE_NACIONALIDAD, RGE_DOMICILIADO_PAIS, RGE_TAB_COD_UNIDAD, RGE_TAE_COD_ACTIVIDAD, RGE_MES_CIERRE_ACT, RGE_TIP_BAJA, RGE_NOT_ELECTRONICA, RGE_CGC_CPF, RGE_RUC_CONDICION, RGE_TMU_COD_MUNICIPIO, RGE_TCO_CONDICION_PAGO, RGE_TSC_SIT_CADASTRAL, RGE_OPT_SIMPLIFICADO, RGE_FEC_ACTUALIZACION, RGE_REGIMEN_ESPECIAL, RGE_IND_SUBST_TRIBUT, RGE_TUS_COD_USUARIO, RGE_VAL_ESTIMADO, RGE_REMISSO, RGE_IND_GRANDE_CONTRIB, RGE_RANK_ARRECADACAO, RGE_REGIME_ANTERIOR, RGE_TIPO_CADASTRO, RGE_INSC_ESTADUAL, RGE_TRANSFERIDO_VIVANOTA, RGE_SERASA, RGE_RUC_CENTRALIZADOR, RGE_DATA_ULT_ALT, RGE_DATA_SIT_CADASTRAL, RGE_NIVELCUMPRIMENTO, RGE_ORIGEM_CAD)
values (12627665, 'J CARNEIRO COSTA', 2, 1, 1, 5, null, null, null, null, 10488002000125, 1, 8603, 2, 6, null, to_date('01-12-2019 08:12:21', 'dd-mm-yyyy hh24:mi:ss'), null, null, 'CADSINC', null, null, null, null, null, 1, 12627665, 1, null, null, to_date('01-12-2019 08:12:16', 'dd-mm-yyyy hh24:mi:ss'), to_date('01-12-2019 08:12:16', 'dd-mm-yyyy hh24:mi:ss'), null, null);
insert into TAXMAOC_EXP.RUC_GENERAL (RGE_RUC, RGE_NOMBRE, RGE_TIP_PERSONA, RGE_NACIONALIDAD, RGE_DOMICILIADO_PAIS, RGE_TAB_COD_UNIDAD, RGE_TAE_COD_ACTIVIDAD, RGE_MES_CIERRE_ACT, RGE_TIP_BAJA, RGE_NOT_ELECTRONICA, RGE_CGC_CPF, RGE_RUC_CONDICION, RGE_TMU_COD_MUNICIPIO, RGE_TCO_CONDICION_PAGO, RGE_TSC_SIT_CADASTRAL, RGE_OPT_SIMPLIFICADO, RGE_FEC_ACTUALIZACION, RGE_REGIMEN_ESPECIAL, RGE_IND_SUBST_TRIBUT, RGE_TUS_COD_USUARIO, RGE_VAL_ESTIMADO, RGE_REMISSO, RGE_IND_GRANDE_CONTRIB, RGE_RANK_ARRECADACAO, RGE_REGIME_ANTERIOR, RGE_TIPO_CADASTRO, RGE_INSC_ESTADUAL, RGE_TRANSFERIDO_VIVANOTA, RGE_SERASA, RGE_RUC_CENTRALIZADOR, RGE_DATA_ULT_ALT, RGE_DATA_SIT_CADASTRAL, RGE_NIVELCUMPRIMENTO, RGE_ORIGEM_CAD)
values (12627666, 'C A DE MORAES MAFRA', 2, 1, 1, 5, null, null, null, null, 1980280000104, 1, 3703, 2, 6, null, to_date('01-12-2019 08:12:20', 'dd-mm-yyyy hh24:mi:ss'), null, null, 'CADSINC', null, null, null, null, null, 1, 12627666, 1, null, null, to_date('01-12-2019 08:12:15', 'dd-mm-yyyy hh24:mi:ss'), to_date('01-12-2019 08:12:15', 'dd-mm-yyyy hh24:mi:ss'), null, null);
insert into TAXMAOC_EXP.RUC_GENERAL (RGE_RUC, RGE_NOMBRE, RGE_TIP_PERSONA, RGE_NACIONALIDAD, RGE_DOMICILIADO_PAIS, RGE_TAB_COD_UNIDAD, RGE_TAE_COD_ACTIVIDAD, RGE_MES_CIERRE_ACT, RGE_TIP_BAJA, RGE_NOT_ELECTRONICA, RGE_CGC_CPF, RGE_RUC_CONDICION, RGE_TMU_COD_MUNICIPIO, RGE_TCO_CONDICION_PAGO, RGE_TSC_SIT_CADASTRAL, RGE_OPT_SIMPLIFICADO, RGE_FEC_ACTUALIZACION, RGE_REGIMEN_ESPECIAL, RGE_IND_SUBST_TRIBUT, RGE_TUS_COD_USUARIO, RGE_VAL_ESTIMADO, RGE_REMISSO, RGE_IND_GRANDE_CONTRIB, RGE_RANK_ARRECADACAO, RGE_REGIME_ANTERIOR, RGE_TIPO_CADASTRO, RGE_INSC_ESTADUAL, RGE_TRANSFERIDO_VIVANOTA, RGE_SERASA, RGE_RUC_CENTRALIZADOR, RGE_DATA_ULT_ALT, RGE_DATA_SIT_CADASTRAL, RGE_NIVELCUMPRIMENTO, RGE_ORIGEM_CAD)
values (12627667, 'ANTONIO SOUSA DA SILVA 47190566287', 2, 1, 1, 1, null, null, null, null, 35667517000113, 8, 11300, 2, 6, null, to_date('01-12-2019 11:12:40', 'dd-mm-yyyy hh24:mi:ss'), null, null, 'CADSINC', null, null, null, null, null, 1, 12627667, 1, null, null, to_date('10-12-2019 14:41:46', 'dd-mm-yyyy hh24:mi:ss'), to_date('01-12-2019 11:12:40', 'dd-mm-yyyy hh24:mi:ss'), null, null);
insert into TAXMAOC_EXP.RUC_GENERAL (RGE_RUC, RGE_NOMBRE, RGE_TIP_PERSONA, RGE_NACIONALIDAD, RGE_DOMICILIADO_PAIS, RGE_TAB_COD_UNIDAD, RGE_TAE_COD_ACTIVIDAD, RGE_MES_CIERRE_ACT, RGE_TIP_BAJA, RGE_NOT_ELECTRONICA, RGE_CGC_CPF, RGE_RUC_CONDICION, RGE_TMU_COD_MUNICIPIO, RGE_TCO_CONDICION_PAGO, RGE_TSC_SIT_CADASTRAL, RGE_OPT_SIMPLIFICADO, RGE_FEC_ACTUALIZACION, RGE_REGIMEN_ESPECIAL, RGE_IND_SUBST_TRIBUT, RGE_TUS_COD_USUARIO, RGE_VAL_ESTIMADO, RGE_REMISSO, RGE_IND_GRANDE_CONTRIB, RGE_RANK_ARRECADACAO, RGE_REGIME_ANTERIOR, RGE_TIPO_CADASTRO, RGE_INSC_ESTADUAL, RGE_TRANSFERIDO_VIVANOTA, RGE_SERASA, RGE_RUC_CENTRALIZADOR, RGE_DATA_ULT_ALT, RGE_DATA_SIT_CADASTRAL, RGE_NIVELCUMPRIMENTO, RGE_ORIGEM_CAD)
values (12627668, 'M F DE OLIVEIRA', 2, 1, 1, 3, null, null, null, null, 35668420000125, 1, 3000, 2, 6, null, to_date('01-12-2019 20:10:53', 'dd-mm-yyyy hh24:mi:ss'), null, null, 'CADSINC', null, null, null, null, null, 1, 12627668, 1, null, null, to_date('01-12-2019 20:10:53', 'dd-mm-yyyy hh24:mi:ss'), to_date('01-12-2019 20:10:53', 'dd-mm-yyyy hh24:mi:ss'), null, null);
insert into TAXMAOC_EXP.RUC_GENERAL (RGE_RUC, RGE_NOMBRE, RGE_TIP_PERSONA, RGE_NACIONALIDAD, RGE_DOMICILIADO_PAIS, RGE_TAB_COD_UNIDAD, RGE_TAE_COD_ACTIVIDAD, RGE_MES_CIERRE_ACT, RGE_TIP_BAJA, RGE_NOT_ELECTRONICA, RGE_CGC_CPF, RGE_RUC_CONDICION, RGE_TMU_COD_MUNICIPIO, RGE_TCO_CONDICION_PAGO, RGE_TSC_SIT_CADASTRAL, RGE_OPT_SIMPLIFICADO, RGE_FEC_ACTUALIZACION, RGE_REGIMEN_ESPECIAL, RGE_IND_SUBST_TRIBUT, RGE_TUS_COD_USUARIO, RGE_VAL_ESTIMADO, RGE_REMISSO, RGE_IND_GRANDE_CONTRIB, RGE_RANK_ARRECADACAO, RGE_REGIME_ANTERIOR, RGE_TIPO_CADASTRO, RGE_INSC_ESTADUAL, RGE_TRANSFERIDO_VIVANOTA, RGE_SERASA, RGE_RUC_CENTRALIZADOR, RGE_DATA_ULT_ALT, RGE_DATA_SIT_CADASTRAL, RGE_NIVELCUMPRIMENTO, RGE_ORIGEM_CAD)
values (12627669, 'JOSE JELISON SILVA DO NASCIMENTO 02265635375', 2, 1, 1, 4, null, null, null, null, 35667876000170, 8, 12506, 2, 6, null, to_date('01-12-2019 20:10:51', 'dd-mm-yyyy hh24:mi:ss'), null, null, 'CADSINC', null, null, null, null, null, 1, 12627669, 1, null, null, to_date('10-12-2019 14:42:12', 'dd-mm-yyyy hh24:mi:ss'), to_date('01-12-2019 20:10:51', 'dd-mm-yyyy hh24:mi:ss'), null, null);
insert into TAXMAOC_EXP.RUC_GENERAL (RGE_RUC, RGE_NOMBRE, RGE_TIP_PERSONA, RGE_NACIONALIDAD, RGE_DOMICILIADO_PAIS, RGE_TAB_COD_UNIDAD, RGE_TAE_COD_ACTIVIDAD, RGE_MES_CIERRE_ACT, RGE_TIP_BAJA, RGE_NOT_ELECTRONICA, RGE_CGC_CPF, RGE_RUC_CONDICION, RGE_TMU_COD_MUNICIPIO, RGE_TCO_CONDICION_PAGO, RGE_TSC_SIT_CADASTRAL, RGE_OPT_SIMPLIFICADO, RGE_FEC_ACTUALIZACION, RGE_REGIMEN_ESPECIAL, RGE_IND_SUBST_TRIBUT, RGE_TUS_COD_USUARIO, RGE_VAL_ESTIMADO, RGE_REMISSO, RGE_IND_GRANDE_CONTRIB, RGE_RANK_ARRECADACAO, RGE_REGIME_ANTERIOR, RGE_TIPO_CADASTRO, RGE_INSC_ESTADUAL, RGE_TRANSFERIDO_VIVANOTA, RGE_SERASA, RGE_RUC_CENTRALIZADOR, RGE_DATA_ULT_ALT, RGE_DATA_SIT_CADASTRAL, RGE_NIVELCUMPRIMENTO, RGE_ORIGEM_CAD)
values (12627670, 'MARIA DAS DORES CARVALHO SILVA 01564016307', 2, 1, 1, 4, null, null, null, null, 35668065000194, 8, 11672, 2, 6, null, to_date('01-12-2019 20:10:52', 'dd-mm-yyyy hh24:mi:ss'), null, null, 'CADSINC', null, null, null, null, null, 1, 12627670, 1, null, null, to_date('10-12-2019 14:42:14', 'dd-mm-yyyy hh24:mi:ss'), to_date('01-12-2019 20:10:52', 'dd-mm-yyyy hh24:mi:ss'), null, null);
insert into TAXMAOC_EXP.RUC_GENERAL (RGE_RUC, RGE_NOMBRE, RGE_TIP_PERSONA, RGE_NACIONALIDAD, RGE_DOMICILIADO_PAIS, RGE_TAB_COD_UNIDAD, RGE_TAE_COD_ACTIVIDAD, RGE_MES_CIERRE_ACT, RGE_TIP_BAJA, RGE_NOT_ELECTRONICA, RGE_CGC_CPF, RGE_RUC_CONDICION, RGE_TMU_COD_MUNICIPIO, RGE_TCO_CONDICION_PAGO, RGE_TSC_SIT_CADASTRAL, RGE_OPT_SIMPLIFICADO, RGE_FEC_ACTUALIZACION, RGE_REGIMEN_ESPECIAL, RGE_IND_SUBST_TRIBUT, RGE_TUS_COD_USUARIO, RGE_VAL_ESTIMADO, RGE_REMISSO, RGE_IND_GRANDE_CONTRIB, RGE_RANK_ARRECADACAO, RGE_REGIME_ANTERIOR, RGE_TIPO_CADASTRO, RGE_INSC_ESTADUAL, RGE_TRANSFERIDO_VIVANOTA, RGE_SERASA, RGE_RUC_CENTRALIZADOR, RGE_DATA_ULT_ALT, RGE_DATA_SIT_CADASTRAL, RGE_NIVELCUMPRIMENTO, RGE_ORIGEM_CAD)
values (12627671, 'MARIA OSMILDA AGUIAR COSTA 29433261860', 2, 1, 1, 3, null, null, null, null, 35667827000138, 8, 12209, 2, 6, null, to_date('01-12-2019 20:10:52', 'dd-mm-yyyy hh24:mi:ss'), null, null, 'CADSINC', null, null, null, null, null, 1, 12627671, 1, null, null, to_date('10-12-2019 14:42:11', 'dd-mm-yyyy hh24:mi:ss'), to_date('01-12-2019 20:10:52', 'dd-mm-yyyy hh24:mi:ss'), null, null);
insert into TAXMAOC_EXP.RUC_GENERAL (RGE_RUC, RGE_NOMBRE, RGE_TIP_PERSONA, RGE_NACIONALIDAD, RGE_DOMICILIADO_PAIS, RGE_TAB_COD_UNIDAD, RGE_TAE_COD_ACTIVIDAD, RGE_MES_CIERRE_ACT, RGE_TIP_BAJA, RGE_NOT_ELECTRONICA, RGE_CGC_CPF, RGE_RUC_CONDICION, RGE_TMU_COD_MUNICIPIO, RGE_TCO_CONDICION_PAGO, RGE_TSC_SIT_CADASTRAL, RGE_OPT_SIMPLIFICADO, RGE_FEC_ACTUALIZACION, RGE_REGIMEN_ESPECIAL, RGE_IND_SUBST_TRIBUT, RGE_TUS_COD_USUARIO, RGE_VAL_ESTIMADO, RGE_REMISSO, RGE_IND_GRANDE_CONTRIB, RGE_RANK_ARRECADACAO, RGE_REGIME_ANTERIOR, RGE_TIPO_CADASTRO, RGE_INSC_ESTADUAL, RGE_TRANSFERIDO_VIVANOTA, RGE_SERASA, RGE_RUC_CENTRALIZADOR, RGE_DATA_ULT_ALT, RGE_DATA_SIT_CADASTRAL, RGE_NIVELCUMPRIMENTO, RGE_ORIGEM_CAD)
values (12627672, 'SILVIA NATALIA PINHEIRO ALMEIDA 00179527355', 2, 1, 1, 1, null, null, null, null, 35668401000107, 8, 11300, 2, 6, null, to_date('01-12-2019 20:10:54', 'dd-mm-yyyy hh24:mi:ss'), null, null, 'CADSINC', null, null, null, null, null, 1, 12627672, 1, null, null, to_date('10-12-2019 14:42:15', 'dd-mm-yyyy hh24:mi:ss'), to_date('01-12-2019 20:10:54', 'dd-mm-yyyy hh24:mi:ss'), null, null);
insert into TAXMAOC_EXP.RUC_GENERAL (RGE_RUC, RGE_NOMBRE, RGE_TIP_PERSONA, RGE_NACIONALIDAD, RGE_DOMICILIADO_PAIS, RGE_TAB_COD_UNIDAD, RGE_TAE_COD_ACTIVIDAD, RGE_MES_CIERRE_ACT, RGE_TIP_BAJA, RGE_NOT_ELECTRONICA, RGE_CGC_CPF, RGE_RUC_CONDICION, RGE_TMU_COD_MUNICIPIO, RGE_TCO_CONDICION_PAGO, RGE_TSC_SIT_CADASTRAL, RGE_OPT_SIMPLIFICADO, RGE_FEC_ACTUALIZACION, RGE_REGIMEN_ESPECIAL, RGE_IND_SUBST_TRIBUT, RGE_TUS_COD_USUARIO, RGE_VAL_ESTIMADO, RGE_REMISSO, RGE_IND_GRANDE_CONTRIB, RGE_RANK_ARRECADACAO, RGE_REGIME_ANTERIOR, RGE_TIPO_CADASTRO, RGE_INSC_ESTADUAL, RGE_TRANSFERIDO_VIVANOTA, RGE_SERASA, RGE_RUC_CENTRALIZADOR, RGE_DATA_ULT_ALT, RGE_DATA_SIT_CADASTRAL, RGE_NIVELCUMPRIMENTO, RGE_ORIGEM_CAD)
values (12627673, 'KELLY THAYNNY BELFORT PEREIRA 06134886360', 2, 1, 1, 1, null, null, null, null, 35667826000193, 8, 11300, 2, 6, null, to_date('01-12-2019 20:10:51', 'dd-mm-yyyy hh24:mi:ss'), null, null, 'CADSINC', null, null, null, null, null, 1, 12627673, 1, null, null, to_date('10-12-2019 14:42:10', 'dd-mm-yyyy hh24:mi:ss'), to_date('01-12-2019 20:10:51', 'dd-mm-yyyy hh24:mi:ss'), null, null);
insert into TAXMAOC_EXP.RUC_GENERAL (RGE_RUC, RGE_NOMBRE, RGE_TIP_PERSONA, RGE_NACIONALIDAD, RGE_DOMICILIADO_PAIS, RGE_TAB_COD_UNIDAD, RGE_TAE_COD_ACTIVIDAD, RGE_MES_CIERRE_ACT, RGE_TIP_BAJA, RGE_NOT_ELECTRONICA, RGE_CGC_CPF, RGE_RUC_CONDICION, RGE_TMU_COD_MUNICIPIO, RGE_TCO_CONDICION_PAGO, RGE_TSC_SIT_CADASTRAL, RGE_OPT_SIMPLIFICADO, RGE_FEC_ACTUALIZACION, RGE_REGIMEN_ESPECIAL, RGE_IND_SUBST_TRIBUT, RGE_TUS_COD_USUARIO, RGE_VAL_ESTIMADO, RGE_REMISSO, RGE_IND_GRANDE_CONTRIB, RGE_RANK_ARRECADACAO, RGE_REGIME_ANTERIOR, RGE_TIPO_CADASTRO, RGE_INSC_ESTADUAL, RGE_TRANSFERIDO_VIVANOTA, RGE_SERASA, RGE_RUC_CENTRALIZADOR, RGE_DATA_ULT_ALT, RGE_DATA_SIT_CADASTRAL, RGE_NIVELCUMPRIMENTO, RGE_ORIGEM_CAD)
values (12627674, 'ISNAEL DO NASCIMENTO SILVA 60691733333', 2, 1, 1, 4, null, null, null, null, 35668098000134, 8, 5609, 2, 6, null, to_date('01-12-2019 20:10:53', 'dd-mm-yyyy hh24:mi:ss'), null, null, 'CADSINC', null, null, null, null, null, 1, 12627674, 1, null, null, to_date('10-12-2019 14:42:14', 'dd-mm-yyyy hh24:mi:ss'), to_date('01-12-2019 20:10:53', 'dd-mm-yyyy hh24:mi:ss'), null, null);
insert into TAXMAOC_EXP.RUC_GENERAL (RGE_RUC, RGE_NOMBRE, RGE_TIP_PERSONA, RGE_NACIONALIDAD, RGE_DOMICILIADO_PAIS, RGE_TAB_COD_UNIDAD, RGE_TAE_COD_ACTIVIDAD, RGE_MES_CIERRE_ACT, RGE_TIP_BAJA, RGE_NOT_ELECTRONICA, RGE_CGC_CPF, RGE_RUC_CONDICION, RGE_TMU_COD_MUNICIPIO, RGE_TCO_CONDICION_PAGO, RGE_TSC_SIT_CADASTRAL, RGE_OPT_SIMPLIFICADO, RGE_FEC_ACTUALIZACION, RGE_REGIMEN_ESPECIAL, RGE_IND_SUBST_TRIBUT, RGE_TUS_COD_USUARIO, RGE_VAL_ESTIMADO, RGE_REMISSO, RGE_IND_GRANDE_CONTRIB, RGE_RANK_ARRECADACAO, RGE_REGIME_ANTERIOR, RGE_TIPO_CADASTRO, RGE_INSC_ESTADUAL, RGE_TRANSFERIDO_VIVANOTA, RGE_SERASA, RGE_RUC_CENTRALIZADOR, RGE_DATA_ULT_ALT, RGE_DATA_SIT_CADASTRAL, RGE_NIVELCUMPRIMENTO, RGE_ORIGEM_CAD)
values (12627675, 'LUZINETE DOS SANTOS PEREIRA 02071842324', 2, 1, 1, 1, null, null, null, null, 35667561000123, 8, 11300, 2, 6, null, to_date('01-12-2019 20:10:50', 'dd-mm-yyyy hh24:mi:ss'), null, null, 'CADSINC', null, null, null, null, null, 1, 12627675, 1, null, null, to_date('10-12-2019 14:42:11', 'dd-mm-yyyy hh24:mi:ss'), to_date('01-12-2019 20:10:50', 'dd-mm-yyyy hh24:mi:ss'), null, null);
insert into TAXMAOC_EXP.RUC_GENERAL (RGE_RUC, RGE_NOMBRE, RGE_TIP_PERSONA, RGE_NACIONALIDAD, RGE_DOMICILIADO_PAIS, RGE_TAB_COD_UNIDAD, RGE_TAE_COD_ACTIVIDAD, RGE_MES_CIERRE_ACT, RGE_TIP_BAJA, RGE_NOT_ELECTRONICA, RGE_CGC_CPF, RGE_RUC_CONDICION, RGE_TMU_COD_MUNICIPIO, RGE_TCO_CONDICION_PAGO, RGE_TSC_SIT_CADASTRAL, RGE_OPT_SIMPLIFICADO, RGE_FEC_ACTUALIZACION, RGE_REGIMEN_ESPECIAL, RGE_IND_SUBST_TRIBUT, RGE_TUS_COD_USUARIO, RGE_VAL_ESTIMADO, RGE_REMISSO, RGE_IND_GRANDE_CONTRIB, RGE_RANK_ARRECADACAO, RGE_REGIME_ANTERIOR, RGE_TIPO_CADASTRO, RGE_INSC_ESTADUAL, RGE_TRANSFERIDO_VIVANOTA, RGE_SERASA, RGE_RUC_CENTRALIZADOR, RGE_DATA_ULT_ALT, RGE_DATA_SIT_CADASTRAL, RGE_NIVELCUMPRIMENTO, RGE_ORIGEM_CAD)
values (12627676, 'THAISSA CARDOSO MOREIRA SOUSA LEITE 02699502308', 2, 1, 1, 1, null, null, null, null, 35667987000187, 8, 11300, 2, 6, null, to_date('01-12-2019 20:10:52', 'dd-mm-yyyy hh24:mi:ss'), null, null, 'CADSINC', null, null, null, null, null, 1, 12627676, 1, null, null, to_date('10-12-2019 14:42:13', 'dd-mm-yyyy hh24:mi:ss'), to_date('01-12-2019 20:10:52', 'dd-mm-yyyy hh24:mi:ss'), null, null);
insert into TAXMAOC_EXP.RUC_GENERAL (RGE_RUC, RGE_NOMBRE, RGE_TIP_PERSONA, RGE_NACIONALIDAD, RGE_DOMICILIADO_PAIS, RGE_TAB_COD_UNIDAD, RGE_TAE_COD_ACTIVIDAD, RGE_MES_CIERRE_ACT, RGE_TIP_BAJA, RGE_NOT_ELECTRONICA, RGE_CGC_CPF, RGE_RUC_CONDICION, RGE_TMU_COD_MUNICIPIO, RGE_TCO_CONDICION_PAGO, RGE_TSC_SIT_CADASTRAL, RGE_OPT_SIMPLIFICADO, RGE_FEC_ACTUALIZACION, RGE_REGIMEN_ESPECIAL, RGE_IND_SUBST_TRIBUT, RGE_TUS_COD_USUARIO, RGE_VAL_ESTIMADO, RGE_REMISSO, RGE_IND_GRANDE_CONTRIB, RGE_RANK_ARRECADACAO, RGE_REGIME_ANTERIOR, RGE_TIPO_CADASTRO, RGE_INSC_ESTADUAL, RGE_TRANSFERIDO_VIVANOTA, RGE_SERASA, RGE_RUC_CENTRALIZADOR, RGE_DATA_ULT_ALT, RGE_DATA_SIT_CADASTRAL, RGE_NIVELCUMPRIMENTO, RGE_ORIGEM_CAD)
values (12627677, 'JOSE RAIMUNDO DE ALMEIDA SILVA 94937206249', 2, 1, 1, 3, null, null, null, null, 23892304000106, 8, 3604, 2, 6, null, to_date('05-12-2019 20:11:58', 'dd-mm-yyyy hh24:mi:ss'), null, null, 'CADSINC', null, null, null, null, null, 1, 12627677, 1, null, null, to_date('01-12-2019 22:10:06', 'dd-mm-yyyy hh24:mi:ss'), to_date('01-12-2019 22:10:06', 'dd-mm-yyyy hh24:mi:ss'), null, null);
commit;
prompt 15 records loaded
prompt Loading TAXMAOC_EXP.RUC_JURIDICOS...
insert into TAXMAOC_EXP.RUC_JURIDICOS (RJU_RUC_JURIDICO, RJU_RAZON_SOCIAL, RJU_SIGLAS, RJU_NOMBRE_COMERCIAL, RJU_FEC_CONSTITUCION, RJU_FEC_CIERRE_LIQUID, RJU_NUM_REG_MERCANTIL, RJU_DIVISAO_ADM_FISCAL, RJU_TIP_CLASE, RJU_TIP_SOCIEDAD, RJU_TTL_TIP_LOGRADORO, RJU_DIRECCION, RJU_NUMERO, RJU_NUM_APTO_OFIC, RJU_REFERENCIA, RJU_URBANIZACION, RJU_CIUDAD, RJU_CAJ_POSTAL, RJU_ZONA_CAJ_POSTAL, RJU_COR_ELECTRONICO, RJU_TES_COD_ESTADO, RJU_ZONA_POSTAL, RJU_DDD_TELEFONO, RJU_TELEFONO, RJU_DDD_FAX, RJU_FAX, RJU_TIP_BAJA, RJU_FEC_BAJA, RJU_TAB_COD_UNIDAD_RECP, RJU_RUC_RECEPTOR_ACTIVO, RJU_FEC_INI_ACT_ECON, RJU_FEC_CIERRE_FISCAL, RJU_NUM_ESTABLECIMIENTOS, RJU_RRL_RUC_REPRESENTANTE, RJU_FEC_INCORPORACION, RJU_VAL_CAP_SOCIALES, RJU_ARE_UTI_ESTABLECIMIENTOS, RJU_LICENCIA, RJU_FEC_ACTUALIZACION, RJU_MOTIVO_BAJA, RJU_TAB_COD_UNIDAD, RJU_TUS_COD_USUARIO, RJU_DATA_ULT_ALT)
values (12627663, 'BRENDDA DE OLIVEIRA MOTA BERTOLDO 60451071360', null, 'BRENDDA DE OLIVEIRA MOTA BERTOLDO 60451071360', to_date('01-12-2019', 'dd-mm-yyyy'), null, '21801803249', null, null, 2135, null, 'RUA RAIMUNDO BRAZ', 'S N', 'CASA', null, 'CENTRO', 'CAPINZAL DO NORTE', null, null, 'BRENDDAMOTHA24@GMAIL.COM', 'MA', '65735000', 99, '36651337', null, null, null, null, null, null, to_date('01-12-2019', 'dd-mm-yyyy'), null, null, null, to_date('01-12-2019 05:06:00', 'dd-mm-yyyy hh24:mi:ss'), 3000, null, null, to_date('01-12-2019 05:06:00', 'dd-mm-yyyy hh24:mi:ss'), null, 4, 'CADSINC', to_date('01-12-2019 05:06:00', 'dd-mm-yyyy hh24:mi:ss'));
insert into TAXMAOC_EXP.RUC_JURIDICOS (RJU_RUC_JURIDICO, RJU_RAZON_SOCIAL, RJU_SIGLAS, RJU_NOMBRE_COMERCIAL, RJU_FEC_CONSTITUCION, RJU_FEC_CIERRE_LIQUID, RJU_NUM_REG_MERCANTIL, RJU_DIVISAO_ADM_FISCAL, RJU_TIP_CLASE, RJU_TIP_SOCIEDAD, RJU_TTL_TIP_LOGRADORO, RJU_DIRECCION, RJU_NUMERO, RJU_NUM_APTO_OFIC, RJU_REFERENCIA, RJU_URBANIZACION, RJU_CIUDAD, RJU_CAJ_POSTAL, RJU_ZONA_CAJ_POSTAL, RJU_COR_ELECTRONICO, RJU_TES_COD_ESTADO, RJU_ZONA_POSTAL, RJU_DDD_TELEFONO, RJU_TELEFONO, RJU_DDD_FAX, RJU_FAX, RJU_TIP_BAJA, RJU_FEC_BAJA, RJU_TAB_COD_UNIDAD_RECP, RJU_RUC_RECEPTOR_ACTIVO, RJU_FEC_INI_ACT_ECON, RJU_FEC_CIERRE_FISCAL, RJU_NUM_ESTABLECIMIENTOS, RJU_RRL_RUC_REPRESENTANTE, RJU_FEC_INCORPORACION, RJU_VAL_CAP_SOCIALES, RJU_ARE_UTI_ESTABLECIMIENTOS, RJU_LICENCIA, RJU_FEC_ACTUALIZACION, RJU_MOTIVO_BAJA, RJU_TAB_COD_UNIDAD, RJU_TUS_COD_USUARIO, RJU_DATA_ULT_ALT)
values (12627677, 'JOSE RAIMUNDO DE ALMEIDA SILVA 94937206249', null, 'GUSTAVO MATERIAIS PARA CONSTRUCAO', to_date('01-12-2019', 'dd-mm-yyyy'), null, '21801803397', null, null, 2135, 'AVE', 'CENTRAL', '1341A', null, null, 'TRIZIDELA', 'COROATA', null, null, 'jrgustavo.silva@gmail.com', 'MA', '65415000', 94, '99449695', null, null, null, null, null, null, to_date('01-12-2019', 'dd-mm-yyyy'), null, null, null, to_date('01-12-2019 22:10:06', 'dd-mm-yyyy hh24:mi:ss'), 50000, null, null, to_date('05-12-2019 20:11:58', 'dd-mm-yyyy hh24:mi:ss'), null, 3, 'CADSINC', to_date('01-12-2019 22:10:06', 'dd-mm-yyyy hh24:mi:ss'));
insert into TAXMAOC_EXP.RUC_JURIDICOS (RJU_RUC_JURIDICO, RJU_RAZON_SOCIAL, RJU_SIGLAS, RJU_NOMBRE_COMERCIAL, RJU_FEC_CONSTITUCION, RJU_FEC_CIERRE_LIQUID, RJU_NUM_REG_MERCANTIL, RJU_DIVISAO_ADM_FISCAL, RJU_TIP_CLASE, RJU_TIP_SOCIEDAD, RJU_TTL_TIP_LOGRADORO, RJU_DIRECCION, RJU_NUMERO, RJU_NUM_APTO_OFIC, RJU_REFERENCIA, RJU_URBANIZACION, RJU_CIUDAD, RJU_CAJ_POSTAL, RJU_ZONA_CAJ_POSTAL, RJU_COR_ELECTRONICO, RJU_TES_COD_ESTADO, RJU_ZONA_POSTAL, RJU_DDD_TELEFONO, RJU_TELEFONO, RJU_DDD_FAX, RJU_FAX, RJU_TIP_BAJA, RJU_FEC_BAJA, RJU_TAB_COD_UNIDAD_RECP, RJU_RUC_RECEPTOR_ACTIVO, RJU_FEC_INI_ACT_ECON, RJU_FEC_CIERRE_FISCAL, RJU_NUM_ESTABLECIMIENTOS, RJU_RRL_RUC_REPRESENTANTE, RJU_FEC_INCORPORACION, RJU_VAL_CAP_SOCIALES, RJU_ARE_UTI_ESTABLECIMIENTOS, RJU_LICENCIA, RJU_FEC_ACTUALIZACION, RJU_MOTIVO_BAJA, RJU_TAB_COD_UNIDAD, RJU_TUS_COD_USUARIO, RJU_DATA_ULT_ALT)
values (12627665, 'J CARNEIRO COSTA', null, 'MINIBOX BOM JESUS', to_date('06-11-2008', 'dd-mm-yyyy'), null, '21101615024', null, null, 2135, 'AVE', 'TARQUINIO LOPES', '1590', 'B', null, 'ALCANTARA', 'PINHEIRO', null, null, 'HSCONSULTORIA-PHO@HOTMAIL.COM', 'MA', null, 98, '84471747', null, null, null, null, null, null, to_date('01-12-2019', 'dd-mm-yyyy'), null, null, null, to_date('01-12-2019 08:12:17', 'dd-mm-yyyy hh24:mi:ss'), 15000, null, null, to_date('01-12-2019 08:12:21', 'dd-mm-yyyy hh24:mi:ss'), null, 5, 'CADSINC', to_date('01-12-2019 08:12:17', 'dd-mm-yyyy hh24:mi:ss'));
insert into TAXMAOC_EXP.RUC_JURIDICOS (RJU_RUC_JURIDICO, RJU_RAZON_SOCIAL, RJU_SIGLAS, RJU_NOMBRE_COMERCIAL, RJU_FEC_CONSTITUCION, RJU_FEC_CIERRE_LIQUID, RJU_NUM_REG_MERCANTIL, RJU_DIVISAO_ADM_FISCAL, RJU_TIP_CLASE, RJU_TIP_SOCIEDAD, RJU_TTL_TIP_LOGRADORO, RJU_DIRECCION, RJU_NUMERO, RJU_NUM_APTO_OFIC, RJU_REFERENCIA, RJU_URBANIZACION, RJU_CIUDAD, RJU_CAJ_POSTAL, RJU_ZONA_CAJ_POSTAL, RJU_COR_ELECTRONICO, RJU_TES_COD_ESTADO, RJU_ZONA_POSTAL, RJU_DDD_TELEFONO, RJU_TELEFONO, RJU_DDD_FAX, RJU_FAX, RJU_TIP_BAJA, RJU_FEC_BAJA, RJU_TAB_COD_UNIDAD_RECP, RJU_RUC_RECEPTOR_ACTIVO, RJU_FEC_INI_ACT_ECON, RJU_FEC_CIERRE_FISCAL, RJU_NUM_ESTABLECIMIENTOS, RJU_RRL_RUC_REPRESENTANTE, RJU_FEC_INCORPORACION, RJU_VAL_CAP_SOCIALES, RJU_ARE_UTI_ESTABLECIMIENTOS, RJU_LICENCIA, RJU_FEC_ACTUALIZACION, RJU_MOTIVO_BAJA, RJU_TAB_COD_UNIDAD, RJU_TUS_COD_USUARIO, RJU_DATA_ULT_ALT)
values (12627666, 'C A DE MORAES MAFRA', null, 'CASA MORAES MAFRA', to_date('08-07-1997', 'dd-mm-yyyy'), null, '21101016414', null, null, 2135, 'ROD', 'DR ANTONIO DINO', '180 A', null, null, 'AREIA BRANCA', 'CURURUPU', null, null, 'WILLIAMSILVASANTOS@HOTMAIL.COM', 'MA', null, 98, '84620150', null, null, null, null, null, null, to_date('01-12-2019', 'dd-mm-yyyy'), null, null, null, to_date('01-12-2019 08:12:16', 'dd-mm-yyyy hh24:mi:ss'), null, null, null, to_date('01-12-2019 08:12:20', 'dd-mm-yyyy hh24:mi:ss'), null, 5, 'CADSINC', to_date('01-12-2019 08:12:16', 'dd-mm-yyyy hh24:mi:ss'));
insert into TAXMAOC_EXP.RUC_JURIDICOS (RJU_RUC_JURIDICO, RJU_RAZON_SOCIAL, RJU_SIGLAS, RJU_NOMBRE_COMERCIAL, RJU_FEC_CONSTITUCION, RJU_FEC_CIERRE_LIQUID, RJU_NUM_REG_MERCANTIL, RJU_DIVISAO_ADM_FISCAL, RJU_TIP_CLASE, RJU_TIP_SOCIEDAD, RJU_TTL_TIP_LOGRADORO, RJU_DIRECCION, RJU_NUMERO, RJU_NUM_APTO_OFIC, RJU_REFERENCIA, RJU_URBANIZACION, RJU_CIUDAD, RJU_CAJ_POSTAL, RJU_ZONA_CAJ_POSTAL, RJU_COR_ELECTRONICO, RJU_TES_COD_ESTADO, RJU_ZONA_POSTAL, RJU_DDD_TELEFONO, RJU_TELEFONO, RJU_DDD_FAX, RJU_FAX, RJU_TIP_BAJA, RJU_FEC_BAJA, RJU_TAB_COD_UNIDAD_RECP, RJU_RUC_RECEPTOR_ACTIVO, RJU_FEC_INI_ACT_ECON, RJU_FEC_CIERRE_FISCAL, RJU_NUM_ESTABLECIMIENTOS, RJU_RRL_RUC_REPRESENTANTE, RJU_FEC_INCORPORACION, RJU_VAL_CAP_SOCIALES, RJU_ARE_UTI_ESTABLECIMIENTOS, RJU_LICENCIA, RJU_FEC_ACTUALIZACION, RJU_MOTIVO_BAJA, RJU_TAB_COD_UNIDAD, RJU_TUS_COD_USUARIO, RJU_DATA_ULT_ALT)
values (12627667, 'ANTONIO SOUSA DA SILVA 47190566287', null, 'LIVRARIAVITORIA', to_date('01-12-2019', 'dd-mm-yyyy'), null, '21801803273', null, null, 2135, 'RUA', 'DA UNIAO', 'A01', 'CONJ 01 A', null, 'SANTA EFIGENIA', 'SAO LUIS', null, null, 'ARIMARIA2015@HOTMAIL.COM', 'MA', '65058728', 98, '84256442', null, null, null, null, null, null, to_date('01-12-2019', 'dd-mm-yyyy'), null, null, null, to_date('01-12-2019 11:12:41', 'dd-mm-yyyy hh24:mi:ss'), 3000, null, null, to_date('01-12-2019 11:12:41', 'dd-mm-yyyy hh24:mi:ss'), null, 1, 'CADSINC', to_date('01-12-2019 11:12:41', 'dd-mm-yyyy hh24:mi:ss'));
insert into TAXMAOC_EXP.RUC_JURIDICOS (RJU_RUC_JURIDICO, RJU_RAZON_SOCIAL, RJU_SIGLAS, RJU_NOMBRE_COMERCIAL, RJU_FEC_CONSTITUCION, RJU_FEC_CIERRE_LIQUID, RJU_NUM_REG_MERCANTIL, RJU_DIVISAO_ADM_FISCAL, RJU_TIP_CLASE, RJU_TIP_SOCIEDAD, RJU_TTL_TIP_LOGRADORO, RJU_DIRECCION, RJU_NUMERO, RJU_NUM_APTO_OFIC, RJU_REFERENCIA, RJU_URBANIZACION, RJU_CIUDAD, RJU_CAJ_POSTAL, RJU_ZONA_CAJ_POSTAL, RJU_COR_ELECTRONICO, RJU_TES_COD_ESTADO, RJU_ZONA_POSTAL, RJU_DDD_TELEFONO, RJU_TELEFONO, RJU_DDD_FAX, RJU_FAX, RJU_TIP_BAJA, RJU_FEC_BAJA, RJU_TAB_COD_UNIDAD_RECP, RJU_RUC_RECEPTOR_ACTIVO, RJU_FEC_INI_ACT_ECON, RJU_FEC_CIERRE_FISCAL, RJU_NUM_ESTABLECIMIENTOS, RJU_RRL_RUC_REPRESENTANTE, RJU_FEC_INCORPORACION, RJU_VAL_CAP_SOCIALES, RJU_ARE_UTI_ESTABLECIMIENTOS, RJU_LICENCIA, RJU_FEC_ACTUALIZACION, RJU_MOTIVO_BAJA, RJU_TAB_COD_UNIDAD, RJU_TUS_COD_USUARIO, RJU_DATA_ULT_ALT)
values (12627668, 'M F DE OLIVEIRA', null, 'DELIZIE ROLLS', to_date('01-12-2019', 'dd-mm-yyyy'), null, '21102295465', null, null, 2135, 'ROD', 'BR 316', '4362', 'QUIOSQ08', null, 'BELA VISTA', 'CAXIAS', null, null, 'DELIZIEROLLS@GMAIL.COM', 'MA', null, 86, '81010555', null, null, null, null, null, null, to_date('01-12-2019', 'dd-mm-yyyy'), null, null, null, to_date('01-12-2019 20:10:53', 'dd-mm-yyyy hh24:mi:ss'), 20000, null, null, to_date('01-12-2019 20:10:53', 'dd-mm-yyyy hh24:mi:ss'), null, 3, 'CADSINC', to_date('01-12-2019 20:10:53', 'dd-mm-yyyy hh24:mi:ss'));
insert into TAXMAOC_EXP.RUC_JURIDICOS (RJU_RUC_JURIDICO, RJU_RAZON_SOCIAL, RJU_SIGLAS, RJU_NOMBRE_COMERCIAL, RJU_FEC_CONSTITUCION, RJU_FEC_CIERRE_LIQUID, RJU_NUM_REG_MERCANTIL, RJU_DIVISAO_ADM_FISCAL, RJU_TIP_CLASE, RJU_TIP_SOCIEDAD, RJU_TTL_TIP_LOGRADORO, RJU_DIRECCION, RJU_NUMERO, RJU_NUM_APTO_OFIC, RJU_REFERENCIA, RJU_URBANIZACION, RJU_CIUDAD, RJU_CAJ_POSTAL, RJU_ZONA_CAJ_POSTAL, RJU_COR_ELECTRONICO, RJU_TES_COD_ESTADO, RJU_ZONA_POSTAL, RJU_DDD_TELEFONO, RJU_TELEFONO, RJU_DDD_FAX, RJU_FAX, RJU_TIP_BAJA, RJU_FEC_BAJA, RJU_TAB_COD_UNIDAD_RECP, RJU_RUC_RECEPTOR_ACTIVO, RJU_FEC_INI_ACT_ECON, RJU_FEC_CIERRE_FISCAL, RJU_NUM_ESTABLECIMIENTOS, RJU_RRL_RUC_REPRESENTANTE, RJU_FEC_INCORPORACION, RJU_VAL_CAP_SOCIALES, RJU_ARE_UTI_ESTABLECIMIENTOS, RJU_LICENCIA, RJU_FEC_ACTUALIZACION, RJU_MOTIVO_BAJA, RJU_TAB_COD_UNIDAD, RJU_TUS_COD_USUARIO, RJU_DATA_ULT_ALT)
values (12627669, 'JOSE JELISON SILVA DO NASCIMENTO 02265635375', null, 'DJGUES DESING', to_date('01-12-2019', 'dd-mm-yyyy'), null, '21801803311', null, null, 2135, 'RUA', 'DOUTOR RAMOS', '538', null, null, 'BARRA', 'TUTOIA', null, null, 'J.JELISON@HOTMAIL.COM', 'MA', '65580000', 47, '84191703', null, null, null, null, null, null, to_date('01-12-2019', 'dd-mm-yyyy'), null, null, null, to_date('01-12-2019 20:10:51', 'dd-mm-yyyy hh24:mi:ss'), 5000, null, null, to_date('01-12-2019 20:10:51', 'dd-mm-yyyy hh24:mi:ss'), null, 4, 'CADSINC', to_date('01-12-2019 20:10:51', 'dd-mm-yyyy hh24:mi:ss'));
insert into TAXMAOC_EXP.RUC_JURIDICOS (RJU_RUC_JURIDICO, RJU_RAZON_SOCIAL, RJU_SIGLAS, RJU_NOMBRE_COMERCIAL, RJU_FEC_CONSTITUCION, RJU_FEC_CIERRE_LIQUID, RJU_NUM_REG_MERCANTIL, RJU_DIVISAO_ADM_FISCAL, RJU_TIP_CLASE, RJU_TIP_SOCIEDAD, RJU_TTL_TIP_LOGRADORO, RJU_DIRECCION, RJU_NUMERO, RJU_NUM_APTO_OFIC, RJU_REFERENCIA, RJU_URBANIZACION, RJU_CIUDAD, RJU_CAJ_POSTAL, RJU_ZONA_CAJ_POSTAL, RJU_COR_ELECTRONICO, RJU_TES_COD_ESTADO, RJU_ZONA_POSTAL, RJU_DDD_TELEFONO, RJU_TELEFONO, RJU_DDD_FAX, RJU_FAX, RJU_TIP_BAJA, RJU_FEC_BAJA, RJU_TAB_COD_UNIDAD_RECP, RJU_RUC_RECEPTOR_ACTIVO, RJU_FEC_INI_ACT_ECON, RJU_FEC_CIERRE_FISCAL, RJU_NUM_ESTABLECIMIENTOS, RJU_RRL_RUC_REPRESENTANTE, RJU_FEC_INCORPORACION, RJU_VAL_CAP_SOCIALES, RJU_ARE_UTI_ESTABLECIMIENTOS, RJU_LICENCIA, RJU_FEC_ACTUALIZACION, RJU_MOTIVO_BAJA, RJU_TAB_COD_UNIDAD, RJU_TUS_COD_USUARIO, RJU_DATA_ULT_ALT)
values (12627670, 'MARIA DAS DORES CARVALHO SILVA 01564016307', null, 'PANIFICADORA CARVALHO', to_date('01-12-2019', 'dd-mm-yyyy'), null, '21801803338', null, null, 2135, 'RUA', 'RUA DO COM?RCIO', '20', 'CONJ', null, 'CENTRO', 'SAO ROBERTO DO MARANHAO', null, null, 'JOSILDAC@GMAIL.COM', 'MA', '65758000', 99, '84464204', null, null, null, null, null, null, to_date('01-12-2019', 'dd-mm-yyyy'), null, null, null, to_date('01-12-2019 20:10:53', 'dd-mm-yyyy hh24:mi:ss'), 10000, null, null, to_date('01-12-2019 20:10:53', 'dd-mm-yyyy hh24:mi:ss'), null, 4, 'CADSINC', to_date('01-12-2019 20:10:53', 'dd-mm-yyyy hh24:mi:ss'));
insert into TAXMAOC_EXP.RUC_JURIDICOS (RJU_RUC_JURIDICO, RJU_RAZON_SOCIAL, RJU_SIGLAS, RJU_NOMBRE_COMERCIAL, RJU_FEC_CONSTITUCION, RJU_FEC_CIERRE_LIQUID, RJU_NUM_REG_MERCANTIL, RJU_DIVISAO_ADM_FISCAL, RJU_TIP_CLASE, RJU_TIP_SOCIEDAD, RJU_TTL_TIP_LOGRADORO, RJU_DIRECCION, RJU_NUMERO, RJU_NUM_APTO_OFIC, RJU_REFERENCIA, RJU_URBANIZACION, RJU_CIUDAD, RJU_CAJ_POSTAL, RJU_ZONA_CAJ_POSTAL, RJU_COR_ELECTRONICO, RJU_TES_COD_ESTADO, RJU_ZONA_POSTAL, RJU_DDD_TELEFONO, RJU_TELEFONO, RJU_DDD_FAX, RJU_FAX, RJU_TIP_BAJA, RJU_FEC_BAJA, RJU_TAB_COD_UNIDAD_RECP, RJU_RUC_RECEPTOR_ACTIVO, RJU_FEC_INI_ACT_ECON, RJU_FEC_CIERRE_FISCAL, RJU_NUM_ESTABLECIMIENTOS, RJU_RRL_RUC_REPRESENTANTE, RJU_FEC_INCORPORACION, RJU_VAL_CAP_SOCIALES, RJU_ARE_UTI_ESTABLECIMIENTOS, RJU_LICENCIA, RJU_FEC_ACTUALIZACION, RJU_MOTIVO_BAJA, RJU_TAB_COD_UNIDAD, RJU_TUS_COD_USUARIO, RJU_DATA_ULT_ALT)
values (12627671, 'MARIA OSMILDA AGUIAR COSTA 29433261860', null, 'RECORTE ENVELOPAMENTO', to_date('01-12-2019', 'dd-mm-yyyy'), null, '21801803303', null, null, 2135, 'RUA', 'RAIMUNDO CORREIA DA SILVA', '665', null, null, 'PARQUE ALVORADA', 'TIMON', null, null, 'CLEYTONLINHARESAGUIAR@GMAIL.COM', 'MA', '65633010', 86, '88299389', null, null, null, null, null, null, to_date('01-12-2019', 'dd-mm-yyyy'), null, null, null, to_date('01-12-2019 20:10:52', 'dd-mm-yyyy hh24:mi:ss'), 5000, null, null, to_date('01-12-2019 20:10:52', 'dd-mm-yyyy hh24:mi:ss'), null, 3, 'CADSINC', to_date('01-12-2019 20:10:52', 'dd-mm-yyyy hh24:mi:ss'));
insert into TAXMAOC_EXP.RUC_JURIDICOS (RJU_RUC_JURIDICO, RJU_RAZON_SOCIAL, RJU_SIGLAS, RJU_NOMBRE_COMERCIAL, RJU_FEC_CONSTITUCION, RJU_FEC_CIERRE_LIQUID, RJU_NUM_REG_MERCANTIL, RJU_DIVISAO_ADM_FISCAL, RJU_TIP_CLASE, RJU_TIP_SOCIEDAD, RJU_TTL_TIP_LOGRADORO, RJU_DIRECCION, RJU_NUMERO, RJU_NUM_APTO_OFIC, RJU_REFERENCIA, RJU_URBANIZACION, RJU_CIUDAD, RJU_CAJ_POSTAL, RJU_ZONA_CAJ_POSTAL, RJU_COR_ELECTRONICO, RJU_TES_COD_ESTADO, RJU_ZONA_POSTAL, RJU_DDD_TELEFONO, RJU_TELEFONO, RJU_DDD_FAX, RJU_FAX, RJU_TIP_BAJA, RJU_FEC_BAJA, RJU_TAB_COD_UNIDAD_RECP, RJU_RUC_RECEPTOR_ACTIVO, RJU_FEC_INI_ACT_ECON, RJU_FEC_CIERRE_FISCAL, RJU_NUM_ESTABLECIMIENTOS, RJU_RRL_RUC_REPRESENTANTE, RJU_FEC_INCORPORACION, RJU_VAL_CAP_SOCIALES, RJU_ARE_UTI_ESTABLECIMIENTOS, RJU_LICENCIA, RJU_FEC_ACTUALIZACION, RJU_MOTIVO_BAJA, RJU_TAB_COD_UNIDAD, RJU_TUS_COD_USUARIO, RJU_DATA_ULT_ALT)
values (12627672, 'SILVIA NATALIA PINHEIRO ALMEIDA 00179527355', null, 'N & N MODA INTIMA', to_date('01-12-2019', 'dd-mm-yyyy'), null, '21801803389', null, null, 2135, 'RUA', 'DOM PEDRO I', '325', null, null, 'FATIMA', 'SAO LUIS', null, null, '55ATENDE.NATALYA@GMAIL.COM', 'MA', '65030430', 98, '83108779', null, null, null, null, null, null, to_date('01-12-2019', 'dd-mm-yyyy'), null, null, null, to_date('01-12-2019 20:10:54', 'dd-mm-yyyy hh24:mi:ss'), 1000, null, null, to_date('01-12-2019 20:10:54', 'dd-mm-yyyy hh24:mi:ss'), null, 1, 'CADSINC', to_date('01-12-2019 20:10:54', 'dd-mm-yyyy hh24:mi:ss'));
insert into TAXMAOC_EXP.RUC_JURIDICOS (RJU_RUC_JURIDICO, RJU_RAZON_SOCIAL, RJU_SIGLAS, RJU_NOMBRE_COMERCIAL, RJU_FEC_CONSTITUCION, RJU_FEC_CIERRE_LIQUID, RJU_NUM_REG_MERCANTIL, RJU_DIVISAO_ADM_FISCAL, RJU_TIP_CLASE, RJU_TIP_SOCIEDAD, RJU_TTL_TIP_LOGRADORO, RJU_DIRECCION, RJU_NUMERO, RJU_NUM_APTO_OFIC, RJU_REFERENCIA, RJU_URBANIZACION, RJU_CIUDAD, RJU_CAJ_POSTAL, RJU_ZONA_CAJ_POSTAL, RJU_COR_ELECTRONICO, RJU_TES_COD_ESTADO, RJU_ZONA_POSTAL, RJU_DDD_TELEFONO, RJU_TELEFONO, RJU_DDD_FAX, RJU_FAX, RJU_TIP_BAJA, RJU_FEC_BAJA, RJU_TAB_COD_UNIDAD_RECP, RJU_RUC_RECEPTOR_ACTIVO, RJU_FEC_INI_ACT_ECON, RJU_FEC_CIERRE_FISCAL, RJU_NUM_ESTABLECIMIENTOS, RJU_RRL_RUC_REPRESENTANTE, RJU_FEC_INCORPORACION, RJU_VAL_CAP_SOCIALES, RJU_ARE_UTI_ESTABLECIMIENTOS, RJU_LICENCIA, RJU_FEC_ACTUALIZACION, RJU_MOTIVO_BAJA, RJU_TAB_COD_UNIDAD, RJU_TUS_COD_USUARIO, RJU_DATA_ULT_ALT)
values (12627673, 'KELLY THAYNNY BELFORT PEREIRA 06134886360', null, 'BELLA BOUTIQUE', to_date('01-12-2019', 'dd-mm-yyyy'), null, '21801803290', null, null, 2135, 'RUA', 'DO ARAME', '54A', null, null, 'VILA PALMEIRA', 'SAO LUIS', null, null, 'KELLY_THAYNNY@HOTMAIL.COM', 'MA', '65045070', 98, '98262652', null, null, null, null, null, null, to_date('01-12-2019', 'dd-mm-yyyy'), null, null, null, to_date('01-12-2019 20:10:51', 'dd-mm-yyyy hh24:mi:ss'), 6000, null, null, to_date('01-12-2019 20:10:51', 'dd-mm-yyyy hh24:mi:ss'), null, 1, 'CADSINC', to_date('01-12-2019 20:10:51', 'dd-mm-yyyy hh24:mi:ss'));
insert into TAXMAOC_EXP.RUC_JURIDICOS (RJU_RUC_JURIDICO, RJU_RAZON_SOCIAL, RJU_SIGLAS, RJU_NOMBRE_COMERCIAL, RJU_FEC_CONSTITUCION, RJU_FEC_CIERRE_LIQUID, RJU_NUM_REG_MERCANTIL, RJU_DIVISAO_ADM_FISCAL, RJU_TIP_CLASE, RJU_TIP_SOCIEDAD, RJU_TTL_TIP_LOGRADORO, RJU_DIRECCION, RJU_NUMERO, RJU_NUM_APTO_OFIC, RJU_REFERENCIA, RJU_URBANIZACION, RJU_CIUDAD, RJU_CAJ_POSTAL, RJU_ZONA_CAJ_POSTAL, RJU_COR_ELECTRONICO, RJU_TES_COD_ESTADO, RJU_ZONA_POSTAL, RJU_DDD_TELEFONO, RJU_TELEFONO, RJU_DDD_FAX, RJU_FAX, RJU_TIP_BAJA, RJU_FEC_BAJA, RJU_TAB_COD_UNIDAD_RECP, RJU_RUC_RECEPTOR_ACTIVO, RJU_FEC_INI_ACT_ECON, RJU_FEC_CIERRE_FISCAL, RJU_NUM_ESTABLECIMIENTOS, RJU_RRL_RUC_REPRESENTANTE, RJU_FEC_INCORPORACION, RJU_VAL_CAP_SOCIALES, RJU_ARE_UTI_ESTABLECIMIENTOS, RJU_LICENCIA, RJU_FEC_ACTUALIZACION, RJU_MOTIVO_BAJA, RJU_TAB_COD_UNIDAD, RJU_TUS_COD_USUARIO, RJU_DATA_ULT_ALT)
values (12627674, 'ISNAEL DO NASCIMENTO SILVA 60691733333', null, 'METALURGICA ESTRELA', to_date('01-12-2019', 'dd-mm-yyyy'), null, '21801803346', null, null, 2135, null, 'RUA DR  JOSE FALCAO', 'S N', 'GALPAO', null, 'CENTRO', 'JOSELANDIA', null, null, 'ISNAEL-KF-14@HOTMAIL.COM', 'MA', '65755000', 0, '0', null, null, null, null, null, null, to_date('01-12-2019', 'dd-mm-yyyy'), null, null, null, to_date('01-12-2019 20:10:53', 'dd-mm-yyyy hh24:mi:ss'), 5000, null, null, to_date('01-12-2019 20:10:53', 'dd-mm-yyyy hh24:mi:ss'), null, 4, 'CADSINC', to_date('01-12-2019 20:10:53', 'dd-mm-yyyy hh24:mi:ss'));
insert into TAXMAOC_EXP.RUC_JURIDICOS (RJU_RUC_JURIDICO, RJU_RAZON_SOCIAL, RJU_SIGLAS, RJU_NOMBRE_COMERCIAL, RJU_FEC_CONSTITUCION, RJU_FEC_CIERRE_LIQUID, RJU_NUM_REG_MERCANTIL, RJU_DIVISAO_ADM_FISCAL, RJU_TIP_CLASE, RJU_TIP_SOCIEDAD, RJU_TTL_TIP_LOGRADORO, RJU_DIRECCION, RJU_NUMERO, RJU_NUM_APTO_OFIC, RJU_REFERENCIA, RJU_URBANIZACION, RJU_CIUDAD, RJU_CAJ_POSTAL, RJU_ZONA_CAJ_POSTAL, RJU_COR_ELECTRONICO, RJU_TES_COD_ESTADO, RJU_ZONA_POSTAL, RJU_DDD_TELEFONO, RJU_TELEFONO, RJU_DDD_FAX, RJU_FAX, RJU_TIP_BAJA, RJU_FEC_BAJA, RJU_TAB_COD_UNIDAD_RECP, RJU_RUC_RECEPTOR_ACTIVO, RJU_FEC_INI_ACT_ECON, RJU_FEC_CIERRE_FISCAL, RJU_NUM_ESTABLECIMIENTOS, RJU_RRL_RUC_REPRESENTANTE, RJU_FEC_INCORPORACION, RJU_VAL_CAP_SOCIALES, RJU_ARE_UTI_ESTABLECIMIENTOS, RJU_LICENCIA, RJU_FEC_ACTUALIZACION, RJU_MOTIVO_BAJA, RJU_TAB_COD_UNIDAD, RJU_TUS_COD_USUARIO, RJU_DATA_ULT_ALT)
values (12627675, 'LUZINETE DOS SANTOS PEREIRA 02071842324', null, 'COMERCIO FLA LINGERIES', to_date('01-12-2019', 'dd-mm-yyyy'), null, '21801803281', null, null, 2135, 'RUA', 'AGOSTINHO REIS', '38', null, null, 'APEADOURO', 'SAO LUIS', null, null, 'CONFITURIE.CO2014@GMAIL.COM', 'MA', '65036010', 98, '87157227', null, null, null, null, null, null, to_date('01-12-2019', 'dd-mm-yyyy'), null, null, null, to_date('01-12-2019 20:10:50', 'dd-mm-yyyy hh24:mi:ss'), 5000, null, null, to_date('01-12-2019 20:10:50', 'dd-mm-yyyy hh24:mi:ss'), null, 1, 'CADSINC', to_date('01-12-2019 20:10:50', 'dd-mm-yyyy hh24:mi:ss'));
insert into TAXMAOC_EXP.RUC_JURIDICOS (RJU_RUC_JURIDICO, RJU_RAZON_SOCIAL, RJU_SIGLAS, RJU_NOMBRE_COMERCIAL, RJU_FEC_CONSTITUCION, RJU_FEC_CIERRE_LIQUID, RJU_NUM_REG_MERCANTIL, RJU_DIVISAO_ADM_FISCAL, RJU_TIP_CLASE, RJU_TIP_SOCIEDAD, RJU_TTL_TIP_LOGRADORO, RJU_DIRECCION, RJU_NUMERO, RJU_NUM_APTO_OFIC, RJU_REFERENCIA, RJU_URBANIZACION, RJU_CIUDAD, RJU_CAJ_POSTAL, RJU_ZONA_CAJ_POSTAL, RJU_COR_ELECTRONICO, RJU_TES_COD_ESTADO, RJU_ZONA_POSTAL, RJU_DDD_TELEFONO, RJU_TELEFONO, RJU_DDD_FAX, RJU_FAX, RJU_TIP_BAJA, RJU_FEC_BAJA, RJU_TAB_COD_UNIDAD_RECP, RJU_RUC_RECEPTOR_ACTIVO, RJU_FEC_INI_ACT_ECON, RJU_FEC_CIERRE_FISCAL, RJU_NUM_ESTABLECIMIENTOS, RJU_RRL_RUC_REPRESENTANTE, RJU_FEC_INCORPORACION, RJU_VAL_CAP_SOCIALES, RJU_ARE_UTI_ESTABLECIMIENTOS, RJU_LICENCIA, RJU_FEC_ACTUALIZACION, RJU_MOTIVO_BAJA, RJU_TAB_COD_UNIDAD, RJU_TUS_COD_USUARIO, RJU_DATA_ULT_ALT)
values (12627676, 'THAISSA CARDOSO MOREIRA SOUSA LEITE 02699502308', null, 'VILA CACHOS', to_date('01-12-2019', 'dd-mm-yyyy'), null, '21801803320', null, null, 2135, 'RUA', 'UM', '19', 'BLOCO B;APT 202;COND MOGNO', null, 'CONJUNTO DOS IPES', 'SAO LUIS', null, null, 'RAMONLLEANDRO@HOTMAIL.COM', 'MA', '65070490', 98, '91555756', null, null, null, null, null, null, to_date('01-12-2019', 'dd-mm-yyyy'), null, null, null, to_date('01-12-2019 20:10:52', 'dd-mm-yyyy hh24:mi:ss'), 5000, null, null, to_date('01-12-2019 20:10:52', 'dd-mm-yyyy hh24:mi:ss'), null, 1, 'CADSINC', to_date('01-12-2019 20:10:52', 'dd-mm-yyyy hh24:mi:ss'));
insert into TAXMAOC_EXP.RUC_JURIDICOS (RJU_RUC_JURIDICO, RJU_RAZON_SOCIAL, RJU_SIGLAS, RJU_NOMBRE_COMERCIAL, RJU_FEC_CONSTITUCION, RJU_FEC_CIERRE_LIQUID, RJU_NUM_REG_MERCANTIL, RJU_DIVISAO_ADM_FISCAL, RJU_TIP_CLASE, RJU_TIP_SOCIEDAD, RJU_TTL_TIP_LOGRADORO, RJU_DIRECCION, RJU_NUMERO, RJU_NUM_APTO_OFIC, RJU_REFERENCIA, RJU_URBANIZACION, RJU_CIUDAD, RJU_CAJ_POSTAL, RJU_ZONA_CAJ_POSTAL, RJU_COR_ELECTRONICO, RJU_TES_COD_ESTADO, RJU_ZONA_POSTAL, RJU_DDD_TELEFONO, RJU_TELEFONO, RJU_DDD_FAX, RJU_FAX, RJU_TIP_BAJA, RJU_FEC_BAJA, RJU_TAB_COD_UNIDAD_RECP, RJU_RUC_RECEPTOR_ACTIVO, RJU_FEC_INI_ACT_ECON, RJU_FEC_CIERRE_FISCAL, RJU_NUM_ESTABLECIMIENTOS, RJU_RRL_RUC_REPRESENTANTE, RJU_FEC_INCORPORACION, RJU_VAL_CAP_SOCIALES, RJU_ARE_UTI_ESTABLECIMIENTOS, RJU_LICENCIA, RJU_FEC_ACTUALIZACION, RJU_MOTIVO_BAJA, RJU_TAB_COD_UNIDAD, RJU_TUS_COD_USUARIO, RJU_DATA_ULT_ALT)
values (12627664, 'CLAUDIO ROBERTO PEREIRA LICAR 60735803390', null, 'MECANICA GALEGO', to_date('01-12-2019', 'dd-mm-yyyy'), null, '21801803192', null, null, 2135, 'RUA', 'RUA 07 QUADRA 05', '28', 'CONJ', null, 'VILA EPITACIO CAFETERIA', 'PACO DO LUMIAR', null, null, 'CLAUDIOROBERTO3120@GMAIL.COM', 'MA', '65130000', 98, '91761004', null, null, null, null, null, null, to_date('01-12-2019', 'dd-mm-yyyy'), null, null, null, to_date('01-12-2019 05:05:53', 'dd-mm-yyyy hh24:mi:ss'), 3000, null, null, to_date('01-12-2019 05:05:53', 'dd-mm-yyyy hh24:mi:ss'), null, 1, 'CADSINC', to_date('01-12-2019 05:05:53', 'dd-mm-yyyy hh24:mi:ss'));
commit;
prompt 15 records loaded
prompt Loading TAXMAOC_EXP.RUC_OBLIGACIONES...
insert into TAXMAOC_EXP.RUC_OBLIGACIONES (ROB_RUC_OBLIGACION, ROB_TIM_COD_IMPUESTO, ROB_PERIODICIDAD_OBLIG, ROB_ESTADO_OBLIG, ROB_FEC_INIC_OBLIG, ROB_FEC_FIN_OBLIG, ROB_FEC_ACTUALIZACION, ROB_TAB_COD_UNIDAD, ROB_TUS_COD_USUARIO)
values (12627665, '46', 4, 1, to_date('01-12-2019', 'dd-mm-yyyy'), null, to_date('01-12-2019 08:12:18', 'dd-mm-yyyy hh24:mi:ss'), 5, 'CADSINC');
insert into TAXMAOC_EXP.RUC_OBLIGACIONES (ROB_RUC_OBLIGACION, ROB_TIM_COD_IMPUESTO, ROB_PERIODICIDAD_OBLIG, ROB_ESTADO_OBLIG, ROB_FEC_INIC_OBLIG, ROB_FEC_FIN_OBLIG, ROB_FEC_ACTUALIZACION, ROB_TAB_COD_UNIDAD, ROB_TUS_COD_USUARIO)
values (12627666, '46', 4, 1, to_date('01-12-2019', 'dd-mm-yyyy'), null, to_date('01-12-2019 08:12:16', 'dd-mm-yyyy hh24:mi:ss'), 5, 'CADSINC');
insert into TAXMAOC_EXP.RUC_OBLIGACIONES (ROB_RUC_OBLIGACION, ROB_TIM_COD_IMPUESTO, ROB_PERIODICIDAD_OBLIG, ROB_ESTADO_OBLIG, ROB_FEC_INIC_OBLIG, ROB_FEC_FIN_OBLIG, ROB_FEC_ACTUALIZACION, ROB_TAB_COD_UNIDAD, ROB_TUS_COD_USUARIO)
values (12627668, '46', 4, 1, to_date('01-12-2019', 'dd-mm-yyyy'), null, to_date('01-12-2019 20:10:53', 'dd-mm-yyyy hh24:mi:ss'), 3, 'CADSINC');
commit;
prompt 3 records loaded
prompt Loading TAXMAOC_EXP.RUC_RELACION_PROFESIONAL...
insert into TAXMAOC_EXP.RUC_RELACION_PROFESIONAL (RRP_RUC_CONTRIBUYENTE, RRP_RUC_PROFESIONAL, RRP_TIPO_RELACION, RRP_CARGO_SOCIO, RRP_PERCENTUAL_PARTICIPACION, RRP_FECHA_INICIO_PARTICIPACION, RRP_FECHA_FIN_PARTICIPACION, RRP_CRC_CONTADOR, RRP_UF_CRC_CONTADOR, RRP_UBICACION_LIBRO_FISCAL, RRP_SITUACION_EMPLEADO, RRP_FECHA_INICIO_ESCRITURA, RRP_FECHA_FIN_ESCRITURA, RRP_FEC_ACTUALIZACION, RRP_TAB_COD_UNIDAD, RRP_TUS_COD_USUARIO)
values (12627663, 60451071360, 801, null, 100, to_date('01-12-2019 05:06:01', 'dd-mm-yyyy hh24:mi:ss'), null, null, null, null, null, null, null, to_date('01-12-2019 05:06:01', 'dd-mm-yyyy hh24:mi:ss'), null, 'CADSINC');
insert into TAXMAOC_EXP.RUC_RELACION_PROFESIONAL (RRP_RUC_CONTRIBUYENTE, RRP_RUC_PROFESIONAL, RRP_TIPO_RELACION, RRP_CARGO_SOCIO, RRP_PERCENTUAL_PARTICIPACION, RRP_FECHA_INICIO_PARTICIPACION, RRP_FECHA_FIN_PARTICIPACION, RRP_CRC_CONTADOR, RRP_UF_CRC_CONTADOR, RRP_UBICACION_LIBRO_FISCAL, RRP_SITUACION_EMPLEADO, RRP_FECHA_INICIO_ESCRITURA, RRP_FECHA_FIN_ESCRITURA, RRP_FEC_ACTUALIZACION, RRP_TAB_COD_UNIDAD, RRP_TUS_COD_USUARIO)
values (12627664, 60735803390, 801, null, 100, to_date('01-12-2019 05:05:53', 'dd-mm-yyyy hh24:mi:ss'), null, null, null, null, null, null, null, to_date('01-12-2019 05:05:53', 'dd-mm-yyyy hh24:mi:ss'), null, 'CADSINC');
insert into TAXMAOC_EXP.RUC_RELACION_PROFESIONAL (RRP_RUC_CONTRIBUYENTE, RRP_RUC_PROFESIONAL, RRP_TIPO_RELACION, RRP_CARGO_SOCIO, RRP_PERCENTUAL_PARTICIPACION, RRP_FECHA_INICIO_PARTICIPACION, RRP_FECHA_FIN_PARTICIPACION, RRP_CRC_CONTADOR, RRP_UF_CRC_CONTADOR, RRP_UBICACION_LIBRO_FISCAL, RRP_SITUACION_EMPLEADO, RRP_FECHA_INICIO_ESCRITURA, RRP_FECHA_FIN_ESCRITURA, RRP_FEC_ACTUALIZACION, RRP_TAB_COD_UNIDAD, RRP_TUS_COD_USUARIO)
values (12627665, 10654003300, 3, null, null, to_date('01-12-2019 08:12:18', 'dd-mm-yyyy hh24:mi:ss'), null, null, null, null, 1, null, null, to_date('01-12-2019 08:12:18', 'dd-mm-yyyy hh24:mi:ss'), null, 'CADSINC');
insert into TAXMAOC_EXP.RUC_RELACION_PROFESIONAL (RRP_RUC_CONTRIBUYENTE, RRP_RUC_PROFESIONAL, RRP_TIPO_RELACION, RRP_CARGO_SOCIO, RRP_PERCENTUAL_PARTICIPACION, RRP_FECHA_INICIO_PARTICIPACION, RRP_FECHA_FIN_PARTICIPACION, RRP_CRC_CONTADOR, RRP_UF_CRC_CONTADOR, RRP_UBICACION_LIBRO_FISCAL, RRP_SITUACION_EMPLEADO, RRP_FECHA_INICIO_ESCRITURA, RRP_FECHA_FIN_ESCRITURA, RRP_FEC_ACTUALIZACION, RRP_TAB_COD_UNIDAD, RRP_TUS_COD_USUARIO)
values (12627665, 86120832300, 801, null, 100, to_date('01-12-2019 08:12:18', 'dd-mm-yyyy hh24:mi:ss'), null, null, null, null, null, null, null, to_date('01-12-2019 08:12:18', 'dd-mm-yyyy hh24:mi:ss'), null, 'CADSINC');
insert into TAXMAOC_EXP.RUC_RELACION_PROFESIONAL (RRP_RUC_CONTRIBUYENTE, RRP_RUC_PROFESIONAL, RRP_TIPO_RELACION, RRP_CARGO_SOCIO, RRP_PERCENTUAL_PARTICIPACION, RRP_FECHA_INICIO_PARTICIPACION, RRP_FECHA_FIN_PARTICIPACION, RRP_CRC_CONTADOR, RRP_UF_CRC_CONTADOR, RRP_UBICACION_LIBRO_FISCAL, RRP_SITUACION_EMPLEADO, RRP_FECHA_INICIO_ESCRITURA, RRP_FECHA_FIN_ESCRITURA, RRP_FEC_ACTUALIZACION, RRP_TAB_COD_UNIDAD, RRP_TUS_COD_USUARIO)
values (12627666, 72800500344, 801, null, 100, to_date('01-12-2019 08:12:16', 'dd-mm-yyyy hh24:mi:ss'), null, null, null, null, null, null, null, to_date('01-12-2019 08:12:16', 'dd-mm-yyyy hh24:mi:ss'), null, 'CADSINC');
insert into TAXMAOC_EXP.RUC_RELACION_PROFESIONAL (RRP_RUC_CONTRIBUYENTE, RRP_RUC_PROFESIONAL, RRP_TIPO_RELACION, RRP_CARGO_SOCIO, RRP_PERCENTUAL_PARTICIPACION, RRP_FECHA_INICIO_PARTICIPACION, RRP_FECHA_FIN_PARTICIPACION, RRP_CRC_CONTADOR, RRP_UF_CRC_CONTADOR, RRP_UBICACION_LIBRO_FISCAL, RRP_SITUACION_EMPLEADO, RRP_FECHA_INICIO_ESCRITURA, RRP_FECHA_FIN_ESCRITURA, RRP_FEC_ACTUALIZACION, RRP_TAB_COD_UNIDAD, RRP_TUS_COD_USUARIO)
values (12627667, 47190566287, 801, null, 100, to_date('01-12-2019 11:12:41', 'dd-mm-yyyy hh24:mi:ss'), null, null, null, null, null, null, null, to_date('01-12-2019 11:12:41', 'dd-mm-yyyy hh24:mi:ss'), null, 'CADSINC');
insert into TAXMAOC_EXP.RUC_RELACION_PROFESIONAL (RRP_RUC_CONTRIBUYENTE, RRP_RUC_PROFESIONAL, RRP_TIPO_RELACION, RRP_CARGO_SOCIO, RRP_PERCENTUAL_PARTICIPACION, RRP_FECHA_INICIO_PARTICIPACION, RRP_FECHA_FIN_PARTICIPACION, RRP_CRC_CONTADOR, RRP_UF_CRC_CONTADOR, RRP_UBICACION_LIBRO_FISCAL, RRP_SITUACION_EMPLEADO, RRP_FECHA_INICIO_ESCRITURA, RRP_FECHA_FIN_ESCRITURA, RRP_FEC_ACTUALIZACION, RRP_TAB_COD_UNIDAD, RRP_TUS_COD_USUARIO)
values (12627668, 1352697335, 801, null, 100, to_date('01-12-2019 20:10:53', 'dd-mm-yyyy hh24:mi:ss'), null, null, null, null, null, null, null, to_date('01-12-2019 20:10:53', 'dd-mm-yyyy hh24:mi:ss'), null, 'CADSINC');
insert into TAXMAOC_EXP.RUC_RELACION_PROFESIONAL (RRP_RUC_CONTRIBUYENTE, RRP_RUC_PROFESIONAL, RRP_TIPO_RELACION, RRP_CARGO_SOCIO, RRP_PERCENTUAL_PARTICIPACION, RRP_FECHA_INICIO_PARTICIPACION, RRP_FECHA_FIN_PARTICIPACION, RRP_CRC_CONTADOR, RRP_UF_CRC_CONTADOR, RRP_UBICACION_LIBRO_FISCAL, RRP_SITUACION_EMPLEADO, RRP_FECHA_INICIO_ESCRITURA, RRP_FECHA_FIN_ESCRITURA, RRP_FEC_ACTUALIZACION, RRP_TAB_COD_UNIDAD, RRP_TUS_COD_USUARIO)
values (12627668, 22782796372, 3, null, null, to_date('01-12-2019 20:10:53', 'dd-mm-yyyy hh24:mi:ss'), null, null, null, null, 1, null, null, to_date('01-12-2019 20:10:53', 'dd-mm-yyyy hh24:mi:ss'), null, 'CADSINC');
insert into TAXMAOC_EXP.RUC_RELACION_PROFESIONAL (RRP_RUC_CONTRIBUYENTE, RRP_RUC_PROFESIONAL, RRP_TIPO_RELACION, RRP_CARGO_SOCIO, RRP_PERCENTUAL_PARTICIPACION, RRP_FECHA_INICIO_PARTICIPACION, RRP_FECHA_FIN_PARTICIPACION, RRP_CRC_CONTADOR, RRP_UF_CRC_CONTADOR, RRP_UBICACION_LIBRO_FISCAL, RRP_SITUACION_EMPLEADO, RRP_FECHA_INICIO_ESCRITURA, RRP_FECHA_FIN_ESCRITURA, RRP_FEC_ACTUALIZACION, RRP_TAB_COD_UNIDAD, RRP_TUS_COD_USUARIO)
values (12627669, 2265635375, 801, null, 100, to_date('01-12-2019 20:10:51', 'dd-mm-yyyy hh24:mi:ss'), null, null, null, null, null, null, null, to_date('01-12-2019 20:10:51', 'dd-mm-yyyy hh24:mi:ss'), null, 'CADSINC');
insert into TAXMAOC_EXP.RUC_RELACION_PROFESIONAL (RRP_RUC_CONTRIBUYENTE, RRP_RUC_PROFESIONAL, RRP_TIPO_RELACION, RRP_CARGO_SOCIO, RRP_PERCENTUAL_PARTICIPACION, RRP_FECHA_INICIO_PARTICIPACION, RRP_FECHA_FIN_PARTICIPACION, RRP_CRC_CONTADOR, RRP_UF_CRC_CONTADOR, RRP_UBICACION_LIBRO_FISCAL, RRP_SITUACION_EMPLEADO, RRP_FECHA_INICIO_ESCRITURA, RRP_FECHA_FIN_ESCRITURA, RRP_FEC_ACTUALIZACION, RRP_TAB_COD_UNIDAD, RRP_TUS_COD_USUARIO)
values (12627670, 1564016307, 801, null, 100, to_date('01-12-2019 20:10:53', 'dd-mm-yyyy hh24:mi:ss'), null, null, null, null, null, null, null, to_date('01-12-2019 20:10:53', 'dd-mm-yyyy hh24:mi:ss'), null, 'CADSINC');
insert into TAXMAOC_EXP.RUC_RELACION_PROFESIONAL (RRP_RUC_CONTRIBUYENTE, RRP_RUC_PROFESIONAL, RRP_TIPO_RELACION, RRP_CARGO_SOCIO, RRP_PERCENTUAL_PARTICIPACION, RRP_FECHA_INICIO_PARTICIPACION, RRP_FECHA_FIN_PARTICIPACION, RRP_CRC_CONTADOR, RRP_UF_CRC_CONTADOR, RRP_UBICACION_LIBRO_FISCAL, RRP_SITUACION_EMPLEADO, RRP_FECHA_INICIO_ESCRITURA, RRP_FECHA_FIN_ESCRITURA, RRP_FEC_ACTUALIZACION, RRP_TAB_COD_UNIDAD, RRP_TUS_COD_USUARIO)
values (12627671, 29433261860, 801, null, 100, to_date('01-12-2019 20:10:52', 'dd-mm-yyyy hh24:mi:ss'), null, null, null, null, null, null, null, to_date('01-12-2019 20:10:52', 'dd-mm-yyyy hh24:mi:ss'), null, 'CADSINC');
insert into TAXMAOC_EXP.RUC_RELACION_PROFESIONAL (RRP_RUC_CONTRIBUYENTE, RRP_RUC_PROFESIONAL, RRP_TIPO_RELACION, RRP_CARGO_SOCIO, RRP_PERCENTUAL_PARTICIPACION, RRP_FECHA_INICIO_PARTICIPACION, RRP_FECHA_FIN_PARTICIPACION, RRP_CRC_CONTADOR, RRP_UF_CRC_CONTADOR, RRP_UBICACION_LIBRO_FISCAL, RRP_SITUACION_EMPLEADO, RRP_FECHA_INICIO_ESCRITURA, RRP_FECHA_FIN_ESCRITURA, RRP_FEC_ACTUALIZACION, RRP_TAB_COD_UNIDAD, RRP_TUS_COD_USUARIO)
values (12627672, 179527355, 801, null, 100, to_date('01-12-2019 20:10:54', 'dd-mm-yyyy hh24:mi:ss'), null, null, null, null, null, null, null, to_date('01-12-2019 20:10:54', 'dd-mm-yyyy hh24:mi:ss'), null, 'CADSINC');
insert into TAXMAOC_EXP.RUC_RELACION_PROFESIONAL (RRP_RUC_CONTRIBUYENTE, RRP_RUC_PROFESIONAL, RRP_TIPO_RELACION, RRP_CARGO_SOCIO, RRP_PERCENTUAL_PARTICIPACION, RRP_FECHA_INICIO_PARTICIPACION, RRP_FECHA_FIN_PARTICIPACION, RRP_CRC_CONTADOR, RRP_UF_CRC_CONTADOR, RRP_UBICACION_LIBRO_FISCAL, RRP_SITUACION_EMPLEADO, RRP_FECHA_INICIO_ESCRITURA, RRP_FECHA_FIN_ESCRITURA, RRP_FEC_ACTUALIZACION, RRP_TAB_COD_UNIDAD, RRP_TUS_COD_USUARIO)
values (12627673, 6134886360, 801, null, 100, to_date('01-12-2019 20:10:51', 'dd-mm-yyyy hh24:mi:ss'), null, null, null, null, null, null, null, to_date('01-12-2019 20:10:51', 'dd-mm-yyyy hh24:mi:ss'), null, 'CADSINC');
insert into TAXMAOC_EXP.RUC_RELACION_PROFESIONAL (RRP_RUC_CONTRIBUYENTE, RRP_RUC_PROFESIONAL, RRP_TIPO_RELACION, RRP_CARGO_SOCIO, RRP_PERCENTUAL_PARTICIPACION, RRP_FECHA_INICIO_PARTICIPACION, RRP_FECHA_FIN_PARTICIPACION, RRP_CRC_CONTADOR, RRP_UF_CRC_CONTADOR, RRP_UBICACION_LIBRO_FISCAL, RRP_SITUACION_EMPLEADO, RRP_FECHA_INICIO_ESCRITURA, RRP_FECHA_FIN_ESCRITURA, RRP_FEC_ACTUALIZACION, RRP_TAB_COD_UNIDAD, RRP_TUS_COD_USUARIO)
values (12627674, 60691733333, 801, null, 100, to_date('01-12-2019 20:10:53', 'dd-mm-yyyy hh24:mi:ss'), null, null, null, null, null, null, null, to_date('01-12-2019 20:10:53', 'dd-mm-yyyy hh24:mi:ss'), null, 'CADSINC');
insert into TAXMAOC_EXP.RUC_RELACION_PROFESIONAL (RRP_RUC_CONTRIBUYENTE, RRP_RUC_PROFESIONAL, RRP_TIPO_RELACION, RRP_CARGO_SOCIO, RRP_PERCENTUAL_PARTICIPACION, RRP_FECHA_INICIO_PARTICIPACION, RRP_FECHA_FIN_PARTICIPACION, RRP_CRC_CONTADOR, RRP_UF_CRC_CONTADOR, RRP_UBICACION_LIBRO_FISCAL, RRP_SITUACION_EMPLEADO, RRP_FECHA_INICIO_ESCRITURA, RRP_FECHA_FIN_ESCRITURA, RRP_FEC_ACTUALIZACION, RRP_TAB_COD_UNIDAD, RRP_TUS_COD_USUARIO)
values (12627675, 2071842324, 801, null, 100, to_date('01-12-2019 20:10:51', 'dd-mm-yyyy hh24:mi:ss'), null, null, null, null, null, null, null, to_date('01-12-2019 20:10:51', 'dd-mm-yyyy hh24:mi:ss'), null, 'CADSINC');
insert into TAXMAOC_EXP.RUC_RELACION_PROFESIONAL (RRP_RUC_CONTRIBUYENTE, RRP_RUC_PROFESIONAL, RRP_TIPO_RELACION, RRP_CARGO_SOCIO, RRP_PERCENTUAL_PARTICIPACION, RRP_FECHA_INICIO_PARTICIPACION, RRP_FECHA_FIN_PARTICIPACION, RRP_CRC_CONTADOR, RRP_UF_CRC_CONTADOR, RRP_UBICACION_LIBRO_FISCAL, RRP_SITUACION_EMPLEADO, RRP_FECHA_INICIO_ESCRITURA, RRP_FECHA_FIN_ESCRITURA, RRP_FEC_ACTUALIZACION, RRP_TAB_COD_UNIDAD, RRP_TUS_COD_USUARIO)
values (12627676, 2699502308, 801, null, 100, to_date('01-12-2019 20:10:52', 'dd-mm-yyyy hh24:mi:ss'), null, null, null, null, null, null, null, to_date('01-12-2019 20:10:52', 'dd-mm-yyyy hh24:mi:ss'), null, 'CADSINC');
insert into TAXMAOC_EXP.RUC_RELACION_PROFESIONAL (RRP_RUC_CONTRIBUYENTE, RRP_RUC_PROFESIONAL, RRP_TIPO_RELACION, RRP_CARGO_SOCIO, RRP_PERCENTUAL_PARTICIPACION, RRP_FECHA_INICIO_PARTICIPACION, RRP_FECHA_FIN_PARTICIPACION, RRP_CRC_CONTADOR, RRP_UF_CRC_CONTADOR, RRP_UBICACION_LIBRO_FISCAL, RRP_SITUACION_EMPLEADO, RRP_FECHA_INICIO_ESCRITURA, RRP_FECHA_FIN_ESCRITURA, RRP_FEC_ACTUALIZACION, RRP_TAB_COD_UNIDAD, RRP_TUS_COD_USUARIO)
values (12627677, 94937206249, 801, null, 100, to_date('01-12-2019 22:10:07', 'dd-mm-yyyy hh24:mi:ss'), null, null, null, null, null, null, null, to_date('01-12-2019 22:10:07', 'dd-mm-yyyy hh24:mi:ss'), null, 'CADSINC');
commit;
prompt 17 records loaded
prompt Loading TAXMAOC_EXP.RUC_REPRESENTANTES_LEGALES...
insert into TAXMAOC_EXP.RUC_REPRESENTANTES_LEGALES (RRL_RUC_REPRESENTANTE, RRL_NOM_REPRESENTANTE, RRL_DIRECCION, RRL_NUMERO, RRL_NUM_APTO_OFIC, RRL_REFERENCIA, RRL_URBANIZACION, RRL_CIUDAD, RRL_UF, RRL_TES_COD_ESTADO, RRL_ZONA_POSTAL, RRL_CAJ_POSTAL, RRL_ZONA_CAJ_POSTAL, RRL_DDD_TELEFONO, RRL_TELEFONO, RRL_DDD_FAX, RRL_FAX, RRL_COR_ELECTRONICO, RRL_TTL_TIP_LOGRADOURO, RRL_FEC_ACTUALIZACION, RRL_TMU_COD_MUNICIPIO, RRL_TAB_COD_UNIDAD, RRL_TUS_COD_USUARIO)
values (179527355, 'SILVIA NATALIA PINHEIRO ALMEIDA', 'DOM PEDRO I', '325', null, null, 'FATIMA', null, null, 'MA', '65030430', null, null, null, null, null, null, null, 'RUA', to_date('01-12-2019 20:10:54', 'dd-mm-yyyy hh24:mi:ss'), 11300, null, 'CADSINC');
insert into TAXMAOC_EXP.RUC_REPRESENTANTES_LEGALES (RRL_RUC_REPRESENTANTE, RRL_NOM_REPRESENTANTE, RRL_DIRECCION, RRL_NUMERO, RRL_NUM_APTO_OFIC, RRL_REFERENCIA, RRL_URBANIZACION, RRL_CIUDAD, RRL_UF, RRL_TES_COD_ESTADO, RRL_ZONA_POSTAL, RRL_CAJ_POSTAL, RRL_ZONA_CAJ_POSTAL, RRL_DDD_TELEFONO, RRL_TELEFONO, RRL_DDD_FAX, RRL_FAX, RRL_COR_ELECTRONICO, RRL_TTL_TIP_LOGRADOURO, RRL_FEC_ACTUALIZACION, RRL_TMU_COD_MUNICIPIO, RRL_TAB_COD_UNIDAD, RRL_TUS_COD_USUARIO)
values (1352697335, 'MARCIO FELIPE DE OLIVEIRA', 'UM (RESIDENCIAL COLORADO)', '1945', 'COND  COLORADO            BLOCO 05                  APT   14', null, 'COLORADO', null, null, 'PI', '64083010', null, null, 86, '81010555', null, null, 'DELIZIEROLLS@GMAIL.COM', 'RUA', to_date('01-12-2019 20:10:53', 'dd-mm-yyyy hh24:mi:ss'), 2211001, null, 'CADSINC');
insert into TAXMAOC_EXP.RUC_REPRESENTANTES_LEGALES (RRL_RUC_REPRESENTANTE, RRL_NOM_REPRESENTANTE, RRL_DIRECCION, RRL_NUMERO, RRL_NUM_APTO_OFIC, RRL_REFERENCIA, RRL_URBANIZACION, RRL_CIUDAD, RRL_UF, RRL_TES_COD_ESTADO, RRL_ZONA_POSTAL, RRL_CAJ_POSTAL, RRL_ZONA_CAJ_POSTAL, RRL_DDD_TELEFONO, RRL_TELEFONO, RRL_DDD_FAX, RRL_FAX, RRL_COR_ELECTRONICO, RRL_TTL_TIP_LOGRADOURO, RRL_FEC_ACTUALIZACION, RRL_TMU_COD_MUNICIPIO, RRL_TAB_COD_UNIDAD, RRL_TUS_COD_USUARIO)
values (1564016307, 'MARIA DAS DORES CARVALHO SILVA', 'RUA DO COM?RCIO', '20', 'CONJ', null, 'CENTRO', 'SAO ROBERTO DO MARANHAO', null, 'MA', '65758000', null, null, null, null, null, null, null, 'RUA', to_date('01-12-2019 20:10:53', 'dd-mm-yyyy hh24:mi:ss'), 11672, null, 'CADSINC');
insert into TAXMAOC_EXP.RUC_REPRESENTANTES_LEGALES (RRL_RUC_REPRESENTANTE, RRL_NOM_REPRESENTANTE, RRL_DIRECCION, RRL_NUMERO, RRL_NUM_APTO_OFIC, RRL_REFERENCIA, RRL_URBANIZACION, RRL_CIUDAD, RRL_UF, RRL_TES_COD_ESTADO, RRL_ZONA_POSTAL, RRL_CAJ_POSTAL, RRL_ZONA_CAJ_POSTAL, RRL_DDD_TELEFONO, RRL_TELEFONO, RRL_DDD_FAX, RRL_FAX, RRL_COR_ELECTRONICO, RRL_TTL_TIP_LOGRADOURO, RRL_FEC_ACTUALIZACION, RRL_TMU_COD_MUNICIPIO, RRL_TAB_COD_UNIDAD, RRL_TUS_COD_USUARIO)
values (2071842324, 'LUZINETE DOS SANTOS PEREIRA', 'AGOSTINHO REIS', '38', null, null, 'APEADOURO', null, null, 'MA', '65036010', null, null, null, null, null, null, null, 'RUA', to_date('01-12-2019 20:10:50', 'dd-mm-yyyy hh24:mi:ss'), 11300, null, 'CADSINC');
insert into TAXMAOC_EXP.RUC_REPRESENTANTES_LEGALES (RRL_RUC_REPRESENTANTE, RRL_NOM_REPRESENTANTE, RRL_DIRECCION, RRL_NUMERO, RRL_NUM_APTO_OFIC, RRL_REFERENCIA, RRL_URBANIZACION, RRL_CIUDAD, RRL_UF, RRL_TES_COD_ESTADO, RRL_ZONA_POSTAL, RRL_CAJ_POSTAL, RRL_ZONA_CAJ_POSTAL, RRL_DDD_TELEFONO, RRL_TELEFONO, RRL_DDD_FAX, RRL_FAX, RRL_COR_ELECTRONICO, RRL_TTL_TIP_LOGRADOURO, RRL_FEC_ACTUALIZACION, RRL_TMU_COD_MUNICIPIO, RRL_TAB_COD_UNIDAD, RRL_TUS_COD_USUARIO)
values (2265635375, 'JOSE JELISON SILVA DO NASCIMENTO', 'DOUTOR RAMOS', '538', null, null, 'BARRA', null, null, 'MA', '65580000', null, null, null, null, null, null, null, 'RUA', to_date('01-12-2019 20:10:51', 'dd-mm-yyyy hh24:mi:ss'), 12506, null, 'CADSINC');
insert into TAXMAOC_EXP.RUC_REPRESENTANTES_LEGALES (RRL_RUC_REPRESENTANTE, RRL_NOM_REPRESENTANTE, RRL_DIRECCION, RRL_NUMERO, RRL_NUM_APTO_OFIC, RRL_REFERENCIA, RRL_URBANIZACION, RRL_CIUDAD, RRL_UF, RRL_TES_COD_ESTADO, RRL_ZONA_POSTAL, RRL_CAJ_POSTAL, RRL_ZONA_CAJ_POSTAL, RRL_DDD_TELEFONO, RRL_TELEFONO, RRL_DDD_FAX, RRL_FAX, RRL_COR_ELECTRONICO, RRL_TTL_TIP_LOGRADOURO, RRL_FEC_ACTUALIZACION, RRL_TMU_COD_MUNICIPIO, RRL_TAB_COD_UNIDAD, RRL_TUS_COD_USUARIO)
values (2699502308, 'THAISSA CARDOSO MOREIRA SOUSA LEITE', 'UM', '19', 'BLOCO B;APT 202;COND MOGNO', null, 'CONJUNTO DOS IPES', null, null, 'MA', '65070490', null, null, null, null, null, null, null, 'RUA', to_date('01-12-2019 20:10:52', 'dd-mm-yyyy hh24:mi:ss'), 11300, null, 'CADSINC');
insert into TAXMAOC_EXP.RUC_REPRESENTANTES_LEGALES (RRL_RUC_REPRESENTANTE, RRL_NOM_REPRESENTANTE, RRL_DIRECCION, RRL_NUMERO, RRL_NUM_APTO_OFIC, RRL_REFERENCIA, RRL_URBANIZACION, RRL_CIUDAD, RRL_UF, RRL_TES_COD_ESTADO, RRL_ZONA_POSTAL, RRL_CAJ_POSTAL, RRL_ZONA_CAJ_POSTAL, RRL_DDD_TELEFONO, RRL_TELEFONO, RRL_DDD_FAX, RRL_FAX, RRL_COR_ELECTRONICO, RRL_TTL_TIP_LOGRADOURO, RRL_FEC_ACTUALIZACION, RRL_TMU_COD_MUNICIPIO, RRL_TAB_COD_UNIDAD, RRL_TUS_COD_USUARIO)
values (60691733333, 'ISNAEL DO NASCIMENTO SILVA', 'RUA DR  JOSE FALCAO', 'S N', 'GALPAO', null, 'CENTRO', 'APIACA', null, 'MA', '65755000', null, null, null, null, null, null, null, null, to_date('01-12-2019 20:10:53', 'dd-mm-yyyy hh24:mi:ss'), 5609, 91, 'CADSINC');
insert into TAXMAOC_EXP.RUC_REPRESENTANTES_LEGALES (RRL_RUC_REPRESENTANTE, RRL_NOM_REPRESENTANTE, RRL_DIRECCION, RRL_NUMERO, RRL_NUM_APTO_OFIC, RRL_REFERENCIA, RRL_URBANIZACION, RRL_CIUDAD, RRL_UF, RRL_TES_COD_ESTADO, RRL_ZONA_POSTAL, RRL_CAJ_POSTAL, RRL_ZONA_CAJ_POSTAL, RRL_DDD_TELEFONO, RRL_TELEFONO, RRL_DDD_FAX, RRL_FAX, RRL_COR_ELECTRONICO, RRL_TTL_TIP_LOGRADOURO, RRL_FEC_ACTUALIZACION, RRL_TMU_COD_MUNICIPIO, RRL_TAB_COD_UNIDAD, RRL_TUS_COD_USUARIO)
values (86120832300, 'JOZELIA CARNEIRO COSTA', 'R MAJOR ARTUR SA', '748', null, null, 'ANTIGO MATADOURO', 'CHAPADA', null, 'MA', '65200000', null, null, 0, '00000000', null, '00000000', 'HSCONSULTORIA-PHO@HOTMAIL.COM', 'RUA', to_date('01-12-2019 08:12:18', 'dd-mm-yyyy hh24:mi:ss'), 8603, 91, 'CADSINC');
insert into TAXMAOC_EXP.RUC_REPRESENTANTES_LEGALES (RRL_RUC_REPRESENTANTE, RRL_NOM_REPRESENTANTE, RRL_DIRECCION, RRL_NUMERO, RRL_NUM_APTO_OFIC, RRL_REFERENCIA, RRL_URBANIZACION, RRL_CIUDAD, RRL_UF, RRL_TES_COD_ESTADO, RRL_ZONA_POSTAL, RRL_CAJ_POSTAL, RRL_ZONA_CAJ_POSTAL, RRL_DDD_TELEFONO, RRL_TELEFONO, RRL_DDD_FAX, RRL_FAX, RRL_COR_ELECTRONICO, RRL_TTL_TIP_LOGRADOURO, RRL_FEC_ACTUALIZACION, RRL_TMU_COD_MUNICIPIO, RRL_TAB_COD_UNIDAD, RRL_TUS_COD_USUARIO)
values (94937206249, 'JOSE RAIMUNDO DE ALMEIDA SILVA', 'CENTRAL', '1341A', null, null, 'TRIZIDELA', null, null, 'MA', '65415000', null, null, null, null, null, null, null, 'AVE', to_date('01-12-2019 22:10:07', 'dd-mm-yyyy hh24:mi:ss'), 3604, null, 'CADSINC');
insert into TAXMAOC_EXP.RUC_REPRESENTANTES_LEGALES (RRL_RUC_REPRESENTANTE, RRL_NOM_REPRESENTANTE, RRL_DIRECCION, RRL_NUMERO, RRL_NUM_APTO_OFIC, RRL_REFERENCIA, RRL_URBANIZACION, RRL_CIUDAD, RRL_UF, RRL_TES_COD_ESTADO, RRL_ZONA_POSTAL, RRL_CAJ_POSTAL, RRL_ZONA_CAJ_POSTAL, RRL_DDD_TELEFONO, RRL_TELEFONO, RRL_DDD_FAX, RRL_FAX, RRL_COR_ELECTRONICO, RRL_TTL_TIP_LOGRADOURO, RRL_FEC_ACTUALIZACION, RRL_TMU_COD_MUNICIPIO, RRL_TAB_COD_UNIDAD, RRL_TUS_COD_USUARIO)
values (6134886360, 'KELLY THAYNNY BELFORT PEREIRA', 'SAO JOAO', '36A', null, null, 'VILA PALMEIRA', 'SAO LUIS', null, 'MA', '65046790', null, null, null, null, null, null, null, 'RUA', to_date('01-12-2019 20:10:51', 'dd-mm-yyyy hh24:mi:ss'), 11300, null, 'CADSINC');
insert into TAXMAOC_EXP.RUC_REPRESENTANTES_LEGALES (RRL_RUC_REPRESENTANTE, RRL_NOM_REPRESENTANTE, RRL_DIRECCION, RRL_NUMERO, RRL_NUM_APTO_OFIC, RRL_REFERENCIA, RRL_URBANIZACION, RRL_CIUDAD, RRL_UF, RRL_TES_COD_ESTADO, RRL_ZONA_POSTAL, RRL_CAJ_POSTAL, RRL_ZONA_CAJ_POSTAL, RRL_DDD_TELEFONO, RRL_TELEFONO, RRL_DDD_FAX, RRL_FAX, RRL_COR_ELECTRONICO, RRL_TTL_TIP_LOGRADOURO, RRL_FEC_ACTUALIZACION, RRL_TMU_COD_MUNICIPIO, RRL_TAB_COD_UNIDAD, RRL_TUS_COD_USUARIO)
values (10654003300, 'HERNILDO DA SILVA SOARES', 'CEL RAIMUNDO ARAUJO', '764', null, null, 'CENTRO', null, null, 'MA', '65200000', null, null, 98, '33812484', 0, null, null, 'RUA', to_date('01-12-2019 08:12:18', 'dd-mm-yyyy hh24:mi:ss'), 99999, 5, 'CADSINC');
insert into TAXMAOC_EXP.RUC_REPRESENTANTES_LEGALES (RRL_RUC_REPRESENTANTE, RRL_NOM_REPRESENTANTE, RRL_DIRECCION, RRL_NUMERO, RRL_NUM_APTO_OFIC, RRL_REFERENCIA, RRL_URBANIZACION, RRL_CIUDAD, RRL_UF, RRL_TES_COD_ESTADO, RRL_ZONA_POSTAL, RRL_CAJ_POSTAL, RRL_ZONA_CAJ_POSTAL, RRL_DDD_TELEFONO, RRL_TELEFONO, RRL_DDD_FAX, RRL_FAX, RRL_COR_ELECTRONICO, RRL_TTL_TIP_LOGRADOURO, RRL_FEC_ACTUALIZACION, RRL_TMU_COD_MUNICIPIO, RRL_TAB_COD_UNIDAD, RRL_TUS_COD_USUARIO)
values (22782796372, 'MARIA MIRTENE SOARES DE ARAUJO', null, null, null, null, null, null, null, null, null, null, null, null, null, null, null, null, null, to_date('01-12-2019 20:10:53', 'dd-mm-yyyy hh24:mi:ss'), null, null, 'CADSINC');
insert into TAXMAOC_EXP.RUC_REPRESENTANTES_LEGALES (RRL_RUC_REPRESENTANTE, RRL_NOM_REPRESENTANTE, RRL_DIRECCION, RRL_NUMERO, RRL_NUM_APTO_OFIC, RRL_REFERENCIA, RRL_URBANIZACION, RRL_CIUDAD, RRL_UF, RRL_TES_COD_ESTADO, RRL_ZONA_POSTAL, RRL_CAJ_POSTAL, RRL_ZONA_CAJ_POSTAL, RRL_DDD_TELEFONO, RRL_TELEFONO, RRL_DDD_FAX, RRL_FAX, RRL_COR_ELECTRONICO, RRL_TTL_TIP_LOGRADOURO, RRL_FEC_ACTUALIZACION, RRL_TMU_COD_MUNICIPIO, RRL_TAB_COD_UNIDAD, RRL_TUS_COD_USUARIO)
values (29433261860, 'MARIA OSMILDA AGUIAR COSTA', 'ADAMASTOR OLIVEIRA', '1118', null, null, 'PARQUE ALVORADA', 'TIMON', null, 'MA', '65633220', null, null, null, null, null, null, null, 'RUA', to_date('01-12-2019 20:10:52', 'dd-mm-yyyy hh24:mi:ss'), 12209, null, 'CADSINC');
insert into TAXMAOC_EXP.RUC_REPRESENTANTES_LEGALES (RRL_RUC_REPRESENTANTE, RRL_NOM_REPRESENTANTE, RRL_DIRECCION, RRL_NUMERO, RRL_NUM_APTO_OFIC, RRL_REFERENCIA, RRL_URBANIZACION, RRL_CIUDAD, RRL_UF, RRL_TES_COD_ESTADO, RRL_ZONA_POSTAL, RRL_CAJ_POSTAL, RRL_ZONA_CAJ_POSTAL, RRL_DDD_TELEFONO, RRL_TELEFONO, RRL_DDD_FAX, RRL_FAX, RRL_COR_ELECTRONICO, RRL_TTL_TIP_LOGRADOURO, RRL_FEC_ACTUALIZACION, RRL_TMU_COD_MUNICIPIO, RRL_TAB_COD_UNIDAD, RRL_TUS_COD_USUARIO)
values (47190566287, 'ANTONIO SOUSA DA SILVA', 'DA UNIAO', 'A01', 'CONJ 01 A', null, 'SANTA EFIGENIA', 'SAO MATEUS DO MARANHAO', null, 'MA', '65058728', null, null, null, null, null, null, null, 'RUA', to_date('01-12-2019 11:12:41', 'dd-mm-yyyy hh24:mi:ss'), 11300, null, 'CADSINC');
insert into TAXMAOC_EXP.RUC_REPRESENTANTES_LEGALES (RRL_RUC_REPRESENTANTE, RRL_NOM_REPRESENTANTE, RRL_DIRECCION, RRL_NUMERO, RRL_NUM_APTO_OFIC, RRL_REFERENCIA, RRL_URBANIZACION, RRL_CIUDAD, RRL_UF, RRL_TES_COD_ESTADO, RRL_ZONA_POSTAL, RRL_CAJ_POSTAL, RRL_ZONA_CAJ_POSTAL, RRL_DDD_TELEFONO, RRL_TELEFONO, RRL_DDD_FAX, RRL_FAX, RRL_COR_ELECTRONICO, RRL_TTL_TIP_LOGRADOURO, RRL_FEC_ACTUALIZACION, RRL_TMU_COD_MUNICIPIO, RRL_TAB_COD_UNIDAD, RRL_TUS_COD_USUARIO)
values (60451071360, 'BRENDDA DE OLIVEIRA MOTA BERTOLDO', 'RUA RAIMUNDO BRAZ', 'S N', 'CASA', null, 'CENTRO', null, null, 'MA', '65735000', null, null, null, null, null, null, null, null, to_date('01-12-2019 05:06:01', 'dd-mm-yyyy hh24:mi:ss'), 2754, null, 'CADSINC');
insert into TAXMAOC_EXP.RUC_REPRESENTANTES_LEGALES (RRL_RUC_REPRESENTANTE, RRL_NOM_REPRESENTANTE, RRL_DIRECCION, RRL_NUMERO, RRL_NUM_APTO_OFIC, RRL_REFERENCIA, RRL_URBANIZACION, RRL_CIUDAD, RRL_UF, RRL_TES_COD_ESTADO, RRL_ZONA_POSTAL, RRL_CAJ_POSTAL, RRL_ZONA_CAJ_POSTAL, RRL_DDD_TELEFONO, RRL_TELEFONO, RRL_DDD_FAX, RRL_FAX, RRL_COR_ELECTRONICO, RRL_TTL_TIP_LOGRADOURO, RRL_FEC_ACTUALIZACION, RRL_TMU_COD_MUNICIPIO, RRL_TAB_COD_UNIDAD, RRL_TUS_COD_USUARIO)
values (60735803390, 'CLAUDIO ROBERTO PEREIRA LICAR', 'RUA 07 QUADRA 05', '28', 'CONJ', null, 'VILA EPITACIO CAFETERIA', null, null, 'MA', '65130000', null, null, null, null, null, null, null, 'RUA', to_date('01-12-2019 05:05:53', 'dd-mm-yyyy hh24:mi:ss'), 7506, null, 'CADSINC');
insert into TAXMAOC_EXP.RUC_REPRESENTANTES_LEGALES (RRL_RUC_REPRESENTANTE, RRL_NOM_REPRESENTANTE, RRL_DIRECCION, RRL_NUMERO, RRL_NUM_APTO_OFIC, RRL_REFERENCIA, RRL_URBANIZACION, RRL_CIUDAD, RRL_UF, RRL_TES_COD_ESTADO, RRL_ZONA_POSTAL, RRL_CAJ_POSTAL, RRL_ZONA_CAJ_POSTAL, RRL_DDD_TELEFONO, RRL_TELEFONO, RRL_DDD_FAX, RRL_FAX, RRL_COR_ELECTRONICO, RRL_TTL_TIP_LOGRADOURO, RRL_FEC_ACTUALIZACION, RRL_TMU_COD_MUNICIPIO, RRL_TAB_COD_UNIDAD, RRL_TUS_COD_USUARIO)
values (72800500344, 'CARLOS ANDRE DE MORAES MAFRA', 'AV CASTELO BRANCO', 'S N', null, null, 'AREIA BRANCA', 'MAIRI', null, 'MA', '65268000', null, null, 0, '00000000', null, '00000000', 'WILLIAMSILVASANTOS@HOTMAIL.COM', 'AVE', to_date('01-12-2019 08:12:16', 'dd-mm-yyyy hh24:mi:ss'), 3703, 91, 'CADSINC');
commit;
prompt 17 records loaded
prompt Enabling triggers for TAXMAOC_EXP.RUC_CNAE_FISCAL...
alter table TAXMAOC_EXP.RUC_CNAE_FISCAL enable all triggers;
prompt Enabling triggers for TAXMAOC_EXP.RUC_DESABILITADOS...
alter table TAXMAOC_EXP.RUC_DESABILITADOS enable all triggers;
prompt Enabling triggers for TAXMAOC_EXP.RUC_ESTABLECIMIENTOS...
alter table TAXMAOC_EXP.RUC_ESTABLECIMIENTOS enable all triggers;
prompt Enabling triggers for TAXMAOC_EXP.RUC_GENERAL...
alter table TAXMAOC_EXP.RUC_GENERAL enable all triggers;
prompt Enabling triggers for TAXMAOC_EXP.RUC_JURIDICOS...
alter table TAXMAOC_EXP.RUC_JURIDICOS enable all triggers;
prompt Enabling triggers for TAXMAOC_EXP.RUC_OBLIGACIONES...
alter table TAXMAOC_EXP.RUC_OBLIGACIONES enable all triggers;
prompt Enabling triggers for TAXMAOC_EXP.RUC_RELACION_PROFESIONAL...
alter table TAXMAOC_EXP.RUC_RELACION_PROFESIONAL enable all triggers;
prompt Enabling triggers for TAXMAOC_EXP.RUC_REPRESENTANTES_LEGALES...
alter table TAXMAOC_EXP.RUC_REPRESENTANTES_LEGALES enable all triggers;
set feedback on
set define on
prompt Done.
